<?xml version="1.0" encoding="UTF-8"?>
<!DOCTYPE plist PUBLIC "-//Apple//DTD PLIST 1.0//EN" "http://www.apple.com/DTDs/PropertyList-1.0.dtd"/>

<plist version="1.0">
    <dict>
        <key>ROOT</key>
        <array>
            <dict>
                <key>id</key>
                <string>113</string>
                <key>children</key>
                <array>
                    <string>114</string>
                </array>
            </dict>
            <dict>
                <key>id</key>
                <string>130</string>
                <key>children</key>
                <array>
                    <string>447</string>
                </array>
            </dict>
            <dict>
                <key>id</key>
                <string>154</string>
                <key>children</key>
                <array>
                    <string>155</string>
                </array>
            </dict>
            <dict>
                <key>id</key>
                <string>345</string>
                <key>children</key>
                <array>
                    <string>346</string>
                </array>
            </dict>
            <dict>
                <key>id</key>
                <string>403</string>
                <key>children</key>
                <array/>
            </dict>
            <dict>
                <key>id</key>
                <string>812</string>
                <key>children</key>
                <array/>
            </dict>
            <dict>
                <key>id</key>
                <string>838</string>
                <key>children</key>
                <array/>
            </dict>
            <dict>
                <key>id</key>
                <string>849</string>
                <key>children</key>
                <array/>
            </dict>
            <dict>
                <key>id</key>
                <string>865</string>
                <key>children</key>
                <array/>
            </dict>
            <dict>
                <key>id</key>
                <string>979</string>
                <key>children</key>
                <array>
                    <string>984</string>
                </array>
            </dict>
            <dict>
                <key>id</key>
                <string>1167</string>
                <key>children</key>
                <array/>
            </dict>
            <dict>
                <key>id</key>
                <string>1174</string>
                <key>children</key>
                <array/>
            </dict>
            <dict>
                <key>id</key>
                <string>1687</string>
                <key>children</key>
                <array>
                    <string>1688</string>
                </array>
            </dict>
            <dict>
                <key>id</key>
                <string>1704</string>
                <key>children</key>
                <array>
                    <string>1705</string>
                </array>
            </dict>
            <dict>
                <key>id</key>
                <string>1715</string>
                <key>children</key>
                <array>
                    <string>1716</string>
                </array>
            </dict>
            <dict>
                <key>id</key>
                <string>1752</string>
                <key>children</key>
                <array>
                    <string>2174</string>
                </array>
            </dict>
            <dict>
                <key>id</key>
                <string>1791</string>
                <key>children</key>
                <array>
                    <string>2201</string>
                    <string>4000</string>
                </array>
            </dict>
            <dict>
                <key>id</key>
                <string>1818</string>
                <key>children</key>
                <array>
                    <string>2251</string>
                </array>
            </dict>
            <dict>
                <key>id</key>
                <string>1844</string>
                <key>children</key>
                <array>
                    <string>2224</string>
                </array>
            </dict>
            <dict>
                <key>id</key>
                <string>1871</string>
                <key>children</key>
                <array>
                    <string>2283</string>
                </array>
            </dict>
            <dict>
                <key>id</key>
                <string>1879</string>
                <key>children</key>
                <array>
                    <string>2268</string>
                </array>
            </dict>
            <dict>
                <key>id</key>
                <string>1886</string>
                <key>children</key>
                <array>
                    <string>1887</string>
                </array>
            </dict>
            <dict>
                <key>id</key>
                <string>1900</string>
                <key>children</key>
                <array>
                    <string>1901</string>
                </array>
            </dict>
            <dict>
                <key>id</key>
                <string>1910</string>
                <key>children</key>
                <array>
                    <string>1911</string>
                </array>
            </dict>
            <dict>
                <key>id</key>
                <string>1923</string>
                <key>children</key>
                <array>
                    <string>1924</string>
                </array>
            </dict>
            <dict>
                <key>id</key>
                <string>1932</string>
                <key>children</key>
                <array>
                    <string>1933</string>
                </array>
            </dict>
            <dict>
                <key>id</key>
                <string>1941</string>
                <key>children</key>
                <array>
                    <string>1942</string>
                </array>
            </dict>
            <dict>
                <key>id</key>
                <string>1950</string>
                <key>children</key>
                <array>
                    <string>1951</string>
                </array>
            </dict>
            <dict>
                <key>id</key>
                <string>1959</string>
                <key>children</key>
                <array>
                    <string>1960</string>
                </array>
            </dict>
            <dict>
                <key>id</key>
                <string>1969</string>
                <key>children</key>
                <array>
                    <string>1970</string>
                </array>
            </dict>
            <dict>
                <key>id</key>
                <string>1980</string>
                <key>children</key>
                <array>
                    <string>1981</string>
                </array>
            </dict>
            <dict>
                <key>id</key>
                <string>2061</string>
                <key>children</key>
                <array>
                    <string>2062</string>
                </array>
            </dict>
            <dict>
                <key>id</key>
                <string>2070</string>
                <key>children</key>
                <array>
                    <string>2071</string>
                </array>
            </dict>
            <dict>
                <key>id</key>
                <string>2079</string>
                <key>children</key>
                <array>
                    <string>2080</string>
                </array>
            </dict>
            <dict>
                <key>id</key>
                <string>2088</string>
                <key>children</key>
                <array>
                    <string>2089</string>
                </array>
            </dict>
            <dict>
                <key>id</key>
                <string>2117</string>
                <key>children</key>
                <array>
                    <string>2118</string>
                </array>
            </dict>
            <dict>
                <key>id</key>
                <string>2126</string>
                <key>children</key>
                <array>
                    <string>2127</string>
                </array>
            </dict>
            <dict>
                <key>id</key>
                <string>2135</string>
                <key>children</key>
                <array>
                    <string>2136</string>
                </array>
            </dict>
            <dict>
                <key>id</key>
                <string>2144</string>
                <key>children</key>
                <array>
                    <string>2145</string>
                </array>
            </dict>
            <dict>
                <key>id</key>
                <string>2289</string>
                <key>children</key>
                <array>
                    <string>2290</string>
                </array>
            </dict>
            <dict>
                <key>id</key>
                <string>2298</string>
                <key>children</key>
                <array>
                    <string>2299</string>
                </array>
            </dict>
            <dict>
                <key>id</key>
                <string>2307</string>
                <key>children</key>
                <array>
                    <string>2308</string>
                </array>
            </dict>
            <dict>
                <key>id</key>
                <string>2326</string>
                <key>children</key>
                <array>
                    <string>2327</string>
                </array>
            </dict>
            <dict>
                <key>id</key>
                <string>2352</string>
                <key>children</key>
                <array>
                    <string>2353</string>
                </array>
            </dict>
            <dict>
                <key>id</key>
                <string>2381</string>
                <key>children</key>
                <array>
                    <string>2382</string>
                </array>
            </dict>
            <dict>
                <key>id</key>
                <string>2390</string>
                <key>children</key>
                <array>
                    <string>2391</string>
                </array>
            </dict>
            <dict>
                <key>id</key>
                <string>2399</string>
                <key>children</key>
                <array>
                    <string>2400</string>
                </array>
            </dict>
            <dict>
                <key>id</key>
                <string>2430</string>
                <key>children</key>
                <array>
                    <string>2431</string>
                </array>
            </dict>
            <dict>
                <key>id</key>
                <string>2439</string>
                <key>children</key>
                <array>
                    <string>2440</string>
                </array>
            </dict>
            <dict>
                <key>id</key>
                <string>2468</string>
                <key>children</key>
                <array>
                    <string>2469</string>
                </array>
            </dict>
            <dict>
                <key>id</key>
                <string>2479</string>
                <key>children</key>
                <array>
                    <string>2480</string>
                </array>
            </dict>
            <dict>
                <key>id</key>
                <string>2553</string>
                <key>children</key>
                <array>
                    <string>2554</string>
                </array>
            </dict>
            <dict>
                <key>id</key>
                <string>2563</string>
                <key>children</key>
                <array>
                    <string>2564</string>
                </array>
            </dict>
            <dict>
                <key>id</key>
                <string>2579</string>
                <key>children</key>
                <array>
                    <string>2580</string>
                </array>
            </dict>
            <dict>
                <key>id</key>
                <string>2588</string>
                <key>children</key>
                <array>
                    <string>2589</string>
                </array>
            </dict>
            <dict>
                <key>id</key>
                <string>2599</string>
                <key>children</key>
                <array>
                    <string>2600</string>
                </array>
            </dict>
            <dict>
                <key>id</key>
                <string>2609</string>
                <key>children</key>
                <array>
                    <string>2610</string>
                </array>
            </dict>
            <dict>
                <key>id</key>
                <string>2630</string>
                <key>children</key>
                <array>
                    <string>2631</string>
                </array>
            </dict>
            <dict>
                <key>id</key>
                <string>2660</string>
                <key>children</key>
                <array>
                    <string>2661</string>
                </array>
            </dict>
            <dict>
                <key>id</key>
                <string>2669</string>
                <key>children</key>
                <array>
                    <string>2670</string>
                </array>
            </dict>
            <dict>
                <key>id</key>
                <string>2678</string>
                <key>children</key>
                <array>
                    <string>2679</string>
                </array>
            </dict>
            <dict>
                <key>id</key>
                <string>2688</string>
                <key>children</key>
                <array>
                    <string>2689</string>
                </array>
            </dict>
            <dict>
                <key>id</key>
                <string>2710</string>
                <key>children</key>
                <array>
                    <string>2711</string>
                </array>
            </dict>
            <dict>
                <key>id</key>
                <string>2721</string>
                <key>children</key>
                <array>
                    <string>2722</string>
                </array>
            </dict>
            <dict>
                <key>id</key>
                <string>2732</string>
                <key>children</key>
                <array>
                    <string>2733</string>
                </array>
            </dict>
            <dict>
                <key>id</key>
                <string>2742</string>
                <key>children</key>
                <array>
                    <string>2743</string>
                </array>
            </dict>
            <dict>
                <key>id</key>
                <string>2751</string>
                <key>children</key>
                <array>
                    <string>2752</string>
                </array>
            </dict>
            <dict>
                <key>id</key>
                <string>2760</string>
                <key>children</key>
                <array>
                    <string>2761</string>
                </array>
            </dict>
            <dict>
                <key>id</key>
                <string>2770</string>
                <key>children</key>
                <array>
                    <string>2771</string>
                </array>
            </dict>
            <dict>
                <key>id</key>
                <string>2780</string>
                <key>children</key>
                <array>
                    <string>2781</string>
                </array>
            </dict>
            <dict>
                <key>id</key>
                <string>2789</string>
                <key>children</key>
                <array>
                    <string>2790</string>
                </array>
            </dict>
            <dict>
                <key>id</key>
                <string>2798</string>
                <key>children</key>
                <array>
                    <string>2799</string>
                </array>
            </dict>
            <dict>
                <key>id</key>
                <string>2812</string>
                <key>children</key>
                <array>
                    <string>2813</string>
                </array>
            </dict>
            <dict>
                <key>id</key>
                <string>2821</string>
                <key>children</key>
                <array>
                    <string>2822</string>
                </array>
            </dict>
            <dict>
                <key>id</key>
                <string>2830</string>
                <key>children</key>
                <array>
                    <string>2831</string>
                </array>
            </dict>
            <dict>
                <key>id</key>
                <string>2840</string>
                <key>children</key>
                <array>
                    <string>2841</string>
                </array>
            </dict>
            <dict>
                <key>id</key>
                <string>2886</string>
                <key>children</key>
                <array>
                    <string>2887</string>
                </array>
            </dict>
            <dict>
                <key>id</key>
                <string>2896</string>
                <key>children</key>
                <array>
                    <string>2897</string>
                </array>
            </dict>
            <dict>
                <key>id</key>
                <string>2906</string>
                <key>children</key>
                <array>
                    <string>2907</string>
                </array>
            </dict>
            <dict>
                <key>id</key>
                <string>2926</string>
                <key>children</key>
                <array>
                    <string>2927</string>
                </array>
            </dict>
            <dict>
                <key>id</key>
                <string>2935</string>
                <key>children</key>
                <array>
                    <string>2936</string>
                </array>
            </dict>
            <dict>
                <key>id</key>
                <string>2944</string>
                <key>children</key>
                <array>
                    <string>2945</string>
                </array>
            </dict>
            <dict>
                <key>id</key>
                <string>2954</string>
                <key>children</key>
                <array>
                    <string>2955</string>
                </array>
            </dict>
            <dict>
                <key>id</key>
                <string>2963</string>
                <key>children</key>
                <array>
                    <string>2964</string>
                </array>
            </dict>
            <dict>
                <key>id</key>
                <string>2974</string>
                <key>children</key>
                <array>
                    <string>2975</string>
                </array>
            </dict>
            <dict>
                <key>id</key>
                <string>3006</string>
                <key>children</key>
                <array>
                    <string>3007</string>
                </array>
            </dict>
            <dict>
                <key>id</key>
                <string>3015</string>
                <key>children</key>
                <array>
                    <string>3016</string>
                </array>
            </dict>
            <dict>
                <key>id</key>
                <string>3024</string>
                <key>children</key>
                <array>
                    <string>3025</string>
                </array>
            </dict>
            <dict>
                <key>id</key>
                <string>3033</string>
                <key>children</key>
                <array>
                    <string>3034</string>
                </array>
            </dict>
            <dict>
                <key>id</key>
                <string>3042</string>
                <key>children</key>
                <array>
                    <string>3043</string>
                </array>
            </dict>
            <dict>
                <key>id</key>
                <string>3051</string>
                <key>children</key>
                <array>
                    <string>3052</string>
                </array>
            </dict>
            <dict>
                <key>id</key>
                <string>3086</string>
                <key>children</key>
                <array>
                    <string>3087</string>
                </array>
            </dict>
            <dict>
                <key>id</key>
                <string>3118</string>
                <key>children</key>
                <array>
                    <string>3119</string>
                </array>
            </dict>
            <dict>
                <key>id</key>
                <string>3127</string>
                <key>children</key>
                <array>
                    <string>3128</string>
                </array>
            </dict>
            <dict>
                <key>id</key>
                <string>3136</string>
                <key>children</key>
                <array>
                    <string>3137</string>
                </array>
            </dict>
            <dict>
                <key>id</key>
                <string>3145</string>
                <key>children</key>
                <array>
                    <string>3146</string>
                </array>
            </dict>
            <dict>
                <key>id</key>
                <string>3154</string>
                <key>children</key>
                <array>
                    <string>3155</string>
                </array>
            </dict>
            <dict>
                <key>id</key>
                <string>3163</string>
                <key>children</key>
                <array>
                    <string>3164</string>
                </array>
            </dict>
            <dict>
                <key>id</key>
                <string>3172</string>
                <key>children</key>
                <array>
                    <string>3173</string>
                </array>
            </dict>
            <dict>
                <key>id</key>
                <string>3191</string>
                <key>children</key>
                <array>
                    <string>3192</string>
                </array>
            </dict>
            <dict>
                <key>id</key>
                <string>3200</string>
                <key>children</key>
                <array>
                    <string>3201</string>
                </array>
            </dict>
            <dict>
                <key>id</key>
                <string>3224</string>
                <key>children</key>
                <array>
                    <string>3225</string>
                </array>
            </dict>
            <dict>
                <key>id</key>
                <string>3233</string>
                <key>children</key>
                <array>
                    <string>3234</string>
                </array>
            </dict>
            <dict>
                <key>id</key>
                <string>3242</string>
                <key>children</key>
                <array>
                    <string>3243</string>
                </array>
            </dict>
            <dict>
                <key>id</key>
                <string>3314</string>
                <key>children</key>
                <array>
                    <string>3315</string>
                </array>
            </dict>
            <dict>
                <key>id</key>
                <string>3330</string>
                <key>children</key>
                <array>
                    <string>3331</string>
                </array>
            </dict>
            <dict>
                <key>id</key>
                <string>3339</string>
                <key>children</key>
                <array>
                    <string>3340</string>
                </array>
            </dict>
            <dict>
                <key>id</key>
                <string>3357</string>
                <key>children</key>
                <array>
                    <string>3358</string>
                </array>
            </dict>
            <dict>
                <key>id</key>
                <string>3366</string>
                <key>children</key>
                <array>
                    <string>3367</string>
                </array>
            </dict>
            <dict>
                <key>id</key>
                <string>3380</string>
                <key>children</key>
                <array>
                    <string>3381</string>
                </array>
            </dict>
            <dict>
                <key>id</key>
                <string>3461</string>
                <key>children</key>
                <array>
                    <string>3462</string>
                </array>
            </dict>
            <dict>
                <key>id</key>
                <string>3473</string>
                <key>children</key>
                <array>
                    <string>3474</string>
                </array>
            </dict>
            <dict>
                <key>id</key>
                <string>3483</string>
                <key>children</key>
                <array>
                    <string>3484</string>
                </array>
            </dict>
            <dict>
                <key>id</key>
                <string>3492</string>
                <key>children</key>
                <array>
                    <string>3493</string>
                </array>
            </dict>
            <dict>
                <key>id</key>
                <string>3501</string>
                <key>children</key>
                <array>
                    <string>3502</string>
                </array>
            </dict>
            <dict>
                <key>id</key>
                <string>3512</string>
                <key>children</key>
                <array>
                    <string>3513</string>
                </array>
            </dict>
            <dict>
                <key>id</key>
                <string>3522</string>
                <key>children</key>
                <array>
                    <string>3523</string>
                </array>
            </dict>
            <dict>
                <key>id</key>
                <string>3531</string>
                <key>children</key>
                <array>
                    <string>3532</string>
                </array>
            </dict>
            <dict>
                <key>id</key>
                <string>3552</string>
                <key>children</key>
                <array>
                    <string>3553</string>
                </array>
            </dict>
            <dict>
                <key>id</key>
                <string>3561</string>
                <key>children</key>
                <array>
                    <string>3562</string>
                </array>
            </dict>
            <dict>
                <key>id</key>
                <string>3570</string>
                <key>children</key>
                <array>
                    <string>3571</string>
                </array>
            </dict>
            <dict>
                <key>id</key>
                <string>3579</string>
                <key>children</key>
                <array>
                    <string>3580</string>
                </array>
            </dict>
            <dict>
                <key>id</key>
                <string>3588</string>
                <key>children</key>
                <array>
                    <string>3589</string>
                </array>
            </dict>
            <dict>
                <key>id</key>
                <string>3597</string>
                <key>children</key>
                <array>
                    <string>3598</string>
                </array>
            </dict>
            <dict>
                <key>id</key>
                <string>3607</string>
                <key>children</key>
                <array>
                    <string>3608</string>
                </array>
            </dict>
            <dict>
                <key>id</key>
                <string>3616</string>
                <key>children</key>
                <array>
                    <string>3617</string>
                </array>
            </dict>
            <dict>
                <key>id</key>
                <string>3697</string>
                <key>children</key>
                <array>
                    <string>3698</string>
                </array>
            </dict>
            <dict>
                <key>id</key>
                <string>3708</string>
                <key>children</key>
                <array>
                    <string>3709</string>
                </array>
            </dict>
            <dict>
                <key>id</key>
                <string>3719</string>
                <key>children</key>
                <array>
                    <string>3720</string>
                </array>
            </dict>
            <dict>
                <key>id</key>
                <string>3728</string>
                <key>children</key>
                <array>
                    <string>3729</string>
                </array>
            </dict>
            <dict>
                <key>id</key>
                <string>3737</string>
                <key>children</key>
                <array>
                    <string>3738</string>
                </array>
            </dict>
            <dict>
                <key>id</key>
                <string>3746</string>
                <key>children</key>
                <array>
                    <string>3747</string>
                </array>
            </dict>
            <dict>
                <key>id</key>
                <string>3755</string>
                <key>children</key>
                <array>
                    <string>3756</string>
                </array>
            </dict>
            <dict>
                <key>id</key>
                <string>3774</string>
                <key>children</key>
                <array>
                    <string>3775</string>
                </array>
            </dict>
            <dict>
                <key>id</key>
                <string>3783</string>
                <key>children</key>
                <array>
                    <string>3784</string>
                </array>
            </dict>
            <dict>
                <key>id</key>
                <string>3792</string>
                <key>children</key>
                <array>
                    <string>3793</string>
                </array>
            </dict>
            <dict>
                <key>id</key>
                <string>3803</string>
                <key>children</key>
                <array>
                    <string>3804</string>
                </array>
            </dict>
            <dict>
                <key>id</key>
                <string>3812</string>
                <key>children</key>
                <array>
                    <string>3813</string>
                </array>
            </dict>
            <dict>
                <key>id</key>
                <string>3831</string>
                <key>children</key>
                <array>
                    <string>3832</string>
                </array>
            </dict>
            <dict>
                <key>id</key>
                <string>3841</string>
                <key>children</key>
                <array>
                    <string>3842</string>
                </array>
            </dict>
            <dict>
                <key>id</key>
                <string>3850</string>
                <key>children</key>
                <array>
                    <string>3851</string>
                </array>
            </dict>
            <dict>
                <key>id</key>
                <string>3859</string>
                <key>children</key>
                <array>
                    <string>3860</string>
                </array>
            </dict>
            <dict>
                <key>id</key>
                <string>3868</string>
                <key>children</key>
                <array>
                    <string>3869</string>
                </array>
            </dict>
            <dict>
                <key>id</key>
                <string>3877</string>
                <key>children</key>
                <array>
                    <string>3878</string>
                </array>
            </dict>
            <dict>
                <key>id</key>
                <string>3886</string>
                <key>children</key>
                <array>
                    <string>3887</string>
                </array>
            </dict>
            <dict>
                <key>id</key>
                <string>3895</string>
                <key>children</key>
                <array>
                    <string>3896</string>
                </array>
            </dict>
            <dict>
                <key>id</key>
                <string>4007</string>
                <key>children</key>
                <array>
                    <string>4008</string>
                </array>
            </dict>
            <dict>
                <key>id</key>
                <string>4016</string>
                <key>children</key>
                <array>
                    <string>4017</string>
                </array>
            </dict>
            <dict>
                <key>id</key>
                <string>4149</string>
                <key>children</key>
                <array>
                    <string>4150</string>
                </array>
            </dict>
            <dict>
                <key>id</key>
                <string>4158</string>
                <key>children</key>
                <array>
                    <string>4159</string>
                </array>
            </dict>
            <dict>
                <key>id</key>
                <string>4421</string>
                <key>children</key>
                <array>
                    <string>4422</string>
                </array>
            </dict>
            <dict>
                <key>id</key>
                <string>4430</string>
                <key>children</key>
                <array>
                    <string>4431</string>
                </array>
            </dict>
            <dict>
                <key>id</key>
                <string>4442</string>
                <key>children</key>
                <array>
                    <string>4443</string>
                </array>
            </dict>
            <dict>
                <key>id</key>
                <string>4454</string>
                <key>children</key>
                <array>
                    <string>4455</string>
                </array>
            </dict>
            <dict>
                <key>id</key>
                <string>4464</string>
                <key>children</key>
                <array>
                    <string>4465</string>
                </array>
            </dict>
            <dict>
                <key>id</key>
                <string>4473</string>
                <key>children</key>
                <array>
                    <string>4474</string>
                </array>
            </dict>
            <dict>
                <key>id</key>
                <string>4482</string>
                <key>children</key>
                <array>
                    <string>4483</string>
                </array>
            </dict>
            <dict>
                <key>id</key>
                <string>4527</string>
                <key>children</key>
                <array>
                    <string>4528</string>
                </array>
            </dict>
            <dict>
                <key>id</key>
                <string>4537</string>
                <key>children</key>
                <array>
                    <string>4538</string>
                </array>
            </dict>
            <dict>
                <key>id</key>
                <string>4546</string>
                <key>children</key>
                <array>
                    <string>4547</string>
                </array>
            </dict>
            <dict>
                <key>id</key>
                <string>4591</string>
                <key>children</key>
                <array>
                    <string>4592</string>
                </array>
            </dict>
            <dict>
                <key>id</key>
                <string>4601</string>
                <key>children</key>
                <array>
                    <string>4602</string>
                </array>
            </dict>
            <dict>
                <key>id</key>
                <string>4611</string>
                <key>children</key>
                <array>
                    <string>4612</string>
                </array>
            </dict>
            <dict>
                <key>id</key>
                <string>4903</string>
                <key>children</key>
                <array>
                    <string>4904</string>
                </array>
            </dict>
            <dict>
                <key>id</key>
                <string>4914</string>
                <key>children</key>
                <array>
                    <string>4915</string>
                </array>
            </dict>
            <dict>
                <key>id</key>
                <string>4981</string>
                <key>children</key>
                <array>
                    <string>4982</string>
                </array>
            </dict>
            <dict>
                <key>id</key>
                <string>4991</string>
                <key>children</key>
                <array>
                    <string>4992</string>
                </array>
            </dict>
            <dict>
                <key>id</key>
                <string>5001</string>
                <key>children</key>
                <array>
                    <string>5002</string>
                </array>
            </dict>
            <dict>
                <key>id</key>
                <string>5010</string>
                <key>children</key>
                <array>
                    <string>5011</string>
                </array>
            </dict>
            <dict>
                <key>id</key>
                <string>5019</string>
                <key>children</key>
                <array>
                    <string>5020</string>
                </array>
            </dict>
            <dict>
                <key>id</key>
                <string>5035</string>
                <key>children</key>
                <array>
                    <string>5036</string>
                </array>
            </dict>
            <dict>
                <key>id</key>
                <string>5045</string>
                <key>children</key>
                <array>
                    <string>5046</string>
                </array>
            </dict>
            <dict>
                <key>id</key>
                <string>5055</string>
                <key>children</key>
                <array>
                    <string>5056</string>
                </array>
            </dict>
            <dict>
                <key>id</key>
                <string>5064</string>
                <key>children</key>
                <array>
                    <string>5065</string>
                </array>
            </dict>
            <dict>
                <key>id</key>
                <string>5073</string>
                <key>children</key>
                <array>
                    <string>5074</string>
                </array>
            </dict>
            <dict>
                <key>id</key>
                <string>5099</string>
                <key>children</key>
                <array>
                    <string>5100</string>
                </array>
            </dict>
            <dict>
                <key>id</key>
                <string>5108</string>
                <key>children</key>
                <array>
                    <string>5109</string>
                </array>
            </dict>
            <dict>
                <key>id</key>
                <string>5117</string>
                <key>children</key>
                <array>
                    <string>5118</string>
                </array>
            </dict>
            <dict>
                <key>id</key>
                <string>5126</string>
                <key>children</key>
                <array>
                    <string>5127</string>
                </array>
            </dict>
            <dict>
                <key>id</key>
                <string>5135</string>
                <key>children</key>
                <array>
                    <string>5136</string>
                </array>
            </dict>
            <dict>
                <key>id</key>
                <string>5144</string>
                <key>children</key>
                <array>
                    <string>5145</string>
                </array>
            </dict>
            <dict>
                <key>id</key>
                <string>5204</string>
                <key>children</key>
                <array>
                    <string>5205</string>
                </array>
            </dict>
            <dict>
                <key>id</key>
                <string>5213</string>
                <key>children</key>
                <array>
                    <string>5214</string>
                </array>
            </dict>
            <dict>
                <key>id</key>
                <string>5227</string>
                <key>children</key>
                <array>
                    <string>5228</string>
                </array>
            </dict>
            <dict>
                <key>id</key>
                <string>5236</string>
                <key>children</key>
                <array>
                    <string>5237</string>
                </array>
            </dict>
            <dict>
                <key>id</key>
                <string>5259</string>
                <key>children</key>
                <array>
                    <string>5260</string>
                </array>
            </dict>
            <dict>
                <key>id</key>
                <string>5269</string>
                <key>children</key>
                <array>
                    <string>5270</string>
                </array>
            </dict>
            <dict>
                <key>id</key>
                <string>5349</string>
                <key>children</key>
                <array>
                    <string>5350</string>
                </array>
            </dict>
            <dict>
                <key>id</key>
                <string>5359</string>
                <key>children</key>
                <array>
                    <string>5360</string>
                </array>
            </dict>
            <dict>
                <key>id</key>
                <string>5368</string>
                <key>children</key>
                <array>
                    <string>5369</string>
                </array>
            </dict>
            <dict>
                <key>id</key>
                <string>5377</string>
                <key>children</key>
                <array>
                    <string>5378</string>
                </array>
            </dict>
            <dict>
                <key>id</key>
                <string>5439</string>
                <key>children</key>
                <array>
                    <string>5440</string>
                </array>
            </dict>
            <dict>
                <key>id</key>
                <string>5449</string>
                <key>children</key>
                <array>
                    <string>5450</string>
                </array>
            </dict>
            <dict>
                <key>id</key>
                <string>5460</string>
                <key>children</key>
                <array>
                    <string>5461</string>
                </array>
            </dict>
            <dict>
                <key>id</key>
                <string>5471</string>
                <key>children</key>
                <array>
                    <string>5472</string>
                </array>
            </dict>
            <dict>
                <key>id</key>
                <string>5480</string>
                <key>children</key>
                <array>
                    <string>5481</string>
                </array>
            </dict>
            <dict>
                <key>id</key>
                <string>5489</string>
                <key>children</key>
                <array>
                    <string>5490</string>
                </array>
            </dict>
            <dict>
                <key>id</key>
                <string>5502</string>
                <key>children</key>
                <array>
                    <string>5503</string>
                </array>
            </dict>
            <dict>
                <key>id</key>
                <string>5532</string>
                <key>children</key>
                <array>
                    <string>5533</string>
                </array>
            </dict>
            <dict>
                <key>id</key>
                <string>5541</string>
                <key>children</key>
                <array>
                    <string>5542</string>
                </array>
            </dict>
            <dict>
                <key>id</key>
                <string>5550</string>
                <key>children</key>
                <array>
                    <string>5551</string>
                </array>
            </dict>
            <dict>
                <key>id</key>
                <string>5559</string>
                <key>children</key>
                <array>
                    <string>5560</string>
                </array>
            </dict>
            <dict>
                <key>id</key>
                <string>5568</string>
                <key>children</key>
                <array>
                    <string>5569</string>
                </array>
            </dict>
            <dict>
                <key>id</key>
                <string>5577</string>
                <key>children</key>
                <array>
                    <string>5578</string>
                </array>
            </dict>
            <dict>
                <key>id</key>
                <string>5586</string>
                <key>children</key>
                <array>
                    <string>5587</string>
                </array>
            </dict>
            <dict>
                <key>id</key>
                <string>5595</string>
                <key>children</key>
                <array>
                    <string>5596</string>
                </array>
            </dict>
            <dict>
                <key>id</key>
                <string>5605</string>
                <key>children</key>
                <array>
                    <string>5606</string>
                </array>
            </dict>
            <dict>
                <key>id</key>
                <string>5614</string>
                <key>children</key>
                <array>
                    <string>5615</string>
                </array>
            </dict>
            <dict>
                <key>id</key>
                <string>5623</string>
                <key>children</key>
                <array>
                    <string>5624</string>
                </array>
            </dict>
            <dict>
                <key>id</key>
                <string>5632</string>
                <key>children</key>
                <array>
                    <string>5633</string>
                </array>
            </dict>
            <dict>
                <key>id</key>
                <string>5655</string>
                <key>children</key>
                <array>
                    <string>5656</string>
                </array>
            </dict>
            <dict>
                <key>id</key>
                <string>5667</string>
                <key>children</key>
                <array>
                    <string>5668</string>
                </array>
            </dict>
            <dict>
                <key>id</key>
                <string>5677</string>
                <key>children</key>
                <array>
                    <string>5678</string>
                </array>
            </dict>
            <dict>
                <key>id</key>
                <string>5687</string>
                <key>children</key>
                <array>
                    <string>5688</string>
                </array>
            </dict>
            <dict>
                <key>id</key>
                <string>5697</string>
                <key>children</key>
                <array>
                    <string>5698</string>
                </array>
            </dict>
            <dict>
                <key>id</key>
                <string>5759</string>
                <key>children</key>
                <array>
                    <string>5760</string>
                </array>
            </dict>
            <dict>
                <key>id</key>
                <string>5769</string>
                <key>children</key>
                <array>
                    <string>5770</string>
                </array>
            </dict>
            <dict>
                <key>id</key>
                <string>5779</string>
                <key>children</key>
                <array>
                    <string>5780</string>
                </array>
            </dict>
            <dict>
                <key>id</key>
                <string>5789</string>
                <key>children</key>
                <array>
                    <string>5790</string>
                </array>
            </dict>
            <dict>
                <key>id</key>
                <string>5798</string>
                <key>children</key>
                <array>
                    <string>5799</string>
                </array>
            </dict>
            <dict>
                <key>id</key>
                <string>5810</string>
                <key>children</key>
                <array>
                    <string>5811</string>
                </array>
            </dict>
            <dict>
                <key>id</key>
                <string>5820</string>
                <key>children</key>
                <array>
                    <string>5821</string>
                </array>
            </dict>
            <dict>
                <key>id</key>
                <string>5831</string>
                <key>children</key>
                <array>
                    <string>5832</string>
                </array>
            </dict>
            <dict>
                <key>id</key>
                <string>5841</string>
                <key>children</key>
                <array>
                    <string>5842</string>
                </array>
            </dict>
            <dict>
                <key>id</key>
                <string>5850</string>
                <key>children</key>
                <array>
                    <string>5851</string>
                </array>
            </dict>
            <dict>
                <key>id</key>
                <string>5961</string>
                <key>children</key>
                <array>
                    <string>5962</string>
                </array>
            </dict>
            <dict>
                <key>id</key>
                <string>6006</string>
                <key>children</key>
                <array>
                    <string>6007</string>
                </array>
            </dict>
            <dict>
                <key>id</key>
                <string>6045</string>
                <key>children</key>
                <array>
                    <string>6046</string>
                </array>
            </dict>
            <dict>
                <key>id</key>
                <string>6055</string>
                <key>children</key>
                <array>
                    <string>6056</string>
                </array>
            </dict>
            <dict>
                <key>id</key>
                <string>6064</string>
                <key>children</key>
                <array>
                    <string>6065</string>
                </array>
            </dict>
            <dict>
                <key>id</key>
                <string>6084</string>
                <key>children</key>
                <array>
                    <string>6085</string>
                </array>
            </dict>
            <dict>
                <key>id</key>
                <string>6093</string>
                <key>children</key>
                <array>
                    <string>6094</string>
                </array>
            </dict>
            <dict>
                <key>id</key>
                <string>6105</string>
                <key>children</key>
                <array>
                    <string>6106</string>
                </array>
            </dict>
            <dict>
                <key>id</key>
                <string>6114</string>
                <key>children</key>
                <array>
                    <string>6115</string>
                </array>
            </dict>
            <dict>
                <key>id</key>
                <string>6123</string>
                <key>children</key>
                <array>
                    <string>6124</string>
                </array>
            </dict>
            <dict>
                <key>id</key>
                <string>6191</string>
                <key>children</key>
                <array>
                    <string>6192</string>
                </array>
            </dict>
            <dict>
                <key>id</key>
                <string>6201</string>
                <key>children</key>
                <array>
                    <string>6202</string>
                </array>
            </dict>
            <dict>
                <key>id</key>
                <string>6210</string>
                <key>children</key>
                <array>
                    <string>6211</string>
                </array>
            </dict>
            <dict>
                <key>id</key>
                <string>6220</string>
                <key>children</key>
                <array>
                    <string>6221</string>
                </array>
            </dict>
            <dict>
                <key>id</key>
                <string>6229</string>
                <key>children</key>
                <array>
                    <string>6230</string>
                </array>
            </dict>
            <dict>
                <key>id</key>
                <string>6238</string>
                <key>children</key>
                <array>
                    <string>6239</string>
                </array>
            </dict>
            <dict>
                <key>id</key>
                <string>6247</string>
                <key>children</key>
                <array>
                    <string>6248</string>
                </array>
            </dict>
            <dict>
                <key>id</key>
                <string>6256</string>
                <key>children</key>
                <array>
                    <string>6257</string>
                </array>
            </dict>
            <dict>
                <key>id</key>
                <string>6273</string>
                <key>children</key>
                <array>
                    <string>6274</string>
                </array>
            </dict>
            <dict>
                <key>id</key>
                <string>6458</string>
                <key>children</key>
                <array>
                    <string>6459</string>
                </array>
            </dict>
            <dict>
                <key>id</key>
                <string>6467</string>
                <key>children</key>
                <array>
                    <string>6468</string>
                </array>
            </dict>
            <dict>
                <key>id</key>
                <string>6477</string>
                <key>children</key>
                <array>
                    <string>6478</string>
                </array>
            </dict>
            <dict>
                <key>id</key>
                <string>6520</string>
                <key>children</key>
                <array>
                    <string>6521</string>
                </array>
            </dict>
            <dict>
                <key>id</key>
                <string>6589</string>
                <key>children</key>
                <array>
                    <string>6590</string>
                </array>
            </dict>
            <dict>
                <key>id</key>
                <string>6598</string>
                <key>children</key>
                <array>
                    <string>6599</string>
                </array>
            </dict>
            <dict>
                <key>id</key>
                <string>6608</string>
                <key>children</key>
                <array>
                    <string>6609</string>
                </array>
            </dict>
            <dict>
                <key>id</key>
                <string>6617</string>
                <key>children</key>
                <array>
                    <string>6618</string>
                </array>
            </dict>
            <dict>
                <key>id</key>
                <string>6697</string>
                <key>children</key>
                <array>
                    <string>6698</string>
                </array>
            </dict>
            <dict>
                <key>id</key>
                <string>6708</string>
                <key>children</key>
                <array>
                    <string>6709</string>
                </array>
            </dict>
            <dict>
                <key>id</key>
                <string>6738</string>
                <key>children</key>
                <array>
                    <string>6739</string>
                </array>
            </dict>
            <dict>
                <key>id</key>
                <string>6843</string>
                <key>children</key>
                <array>
                    <string>6844</string>
                </array>
            </dict>
            <dict>
                <key>id</key>
                <string>6913</string>
                <key>children</key>
                <array>
                    <string>6914</string>
                </array>
            </dict>
            <dict>
                <key>id</key>
                <string>6965</string>
                <key>children</key>
                <array>
                    <string>6966</string>
                </array>
            </dict>
            <dict>
                <key>id</key>
                <string>6996</string>
                <key>children</key>
                <array>
                    <string>6997</string>
                </array>
            </dict>
            <dict>
                <key>id</key>
                <string>7014</string>
                <key>children</key>
                <array>
                    <string>7015</string>
                </array>
            </dict>
            <dict>
                <key>id</key>
                <string>7023</string>
                <key>children</key>
                <array>
                    <string>7024</string>
                </array>
            </dict>
            <dict>
                <key>id</key>
                <string>7040</string>
                <key>children</key>
                <array>
                    <string>7041</string>
                </array>
            </dict>
            <dict>
                <key>id</key>
                <string>7053</string>
                <key>children</key>
                <array>
                    <string>7054</string>
                </array>
            </dict>
            <dict>
                <key>id</key>
                <string>7062</string>
                <key>children</key>
                <array>
                    <string>7063</string>
                </array>
            </dict>
            <dict>
                <key>id</key>
                <string>7071</string>
                <key>children</key>
                <array>
                    <string>7072</string>
                </array>
            </dict>
            <dict>
                <key>id</key>
                <string>7080</string>
                <key>children</key>
                <array>
                    <string>7081</string>
                </array>
            </dict>
            <dict>
                <key>id</key>
                <string>7089</string>
                <key>children</key>
                <array>
                    <string>7090</string>
                </array>
            </dict>
            <dict>
                <key>id</key>
                <string>7122</string>
                <key>children</key>
                <array>
                    <string>7123</string>
                </array>
            </dict>
            <dict>
                <key>id</key>
                <string>7169</string>
                <key>children</key>
                <array>
                    <string>7170</string>
                </array>
            </dict>
            <dict>
                <key>id</key>
                <string>7192</string>
                <key>children</key>
                <array>
                    <string>7193</string>
                </array>
            </dict>
            <dict>
                <key>id</key>
                <string>7204</string>
                <key>children</key>
                <array>
                    <string>7205</string>
                </array>
            </dict>
            <dict>
                <key>id</key>
                <string>7217</string>
                <key>children</key>
                <array>
                    <string>7218</string>
                </array>
            </dict>
            <dict>
                <key>id</key>
                <string>7227</string>
                <key>children</key>
                <array>
                    <string>7228</string>
                </array>
            </dict>
            <dict>
                <key>id</key>
                <string>7236</string>
                <key>children</key>
                <array>
                    <string>7237</string>
                </array>
            </dict>
            <dict>
                <key>id</key>
                <string>7245</string>
                <key>children</key>
                <array>
                    <string>7246</string>
                </array>
            </dict>
            <dict>
                <key>id</key>
                <string>7254</string>
                <key>children</key>
                <array>
                    <string>7255</string>
                </array>
            </dict>
            <dict>
                <key>id</key>
                <string>7263</string>
                <key>children</key>
                <array>
                    <string>7264</string>
                </array>
            </dict>
            <dict>
                <key>id</key>
                <string>7272</string>
                <key>children</key>
                <array>
                    <string>7273</string>
                </array>
            </dict>
            <dict>
                <key>id</key>
                <string>7282</string>
                <key>children</key>
                <array>
                    <string>7283</string>
                </array>
            </dict>
            <dict>
                <key>id</key>
                <string>7291</string>
                <key>children</key>
                <array>
                    <string>7292</string>
                </array>
            </dict>
            <dict>
                <key>id</key>
                <string>7300</string>
                <key>children</key>
                <array>
                    <string>7301</string>
                </array>
            </dict>
            <dict>
                <key>id</key>
                <string>7309</string>
                <key>children</key>
                <array>
                    <string>7310</string>
                </array>
            </dict>
            <dict>
                <key>id</key>
                <string>7323</string>
                <key>children</key>
                <array>
                    <string>7324</string>
                </array>
            </dict>
            <dict>
                <key>id</key>
                <string>7372</string>
                <key>children</key>
                <array>
                    <string>7373</string>
                </array>
            </dict>
            <dict>
                <key>id</key>
                <string>7397</string>
                <key>children</key>
                <array>
                    <string>7398</string>
                </array>
            </dict>
            <dict>
                <key>id</key>
                <string>7406</string>
                <key>children</key>
                <array>
                    <string>7407</string>
                </array>
            </dict>
            <dict>
                <key>id</key>
                <string>7415</string>
                <key>children</key>
                <array>
                    <string>7416</string>
                </array>
            </dict>
            <dict>
                <key>id</key>
                <string>7503</string>
                <key>children</key>
                <array>
                    <string>7504</string>
                </array>
            </dict>
            <dict>
                <key>id</key>
                <string>7515</string>
                <key>children</key>
                <array>
                    <string>7516</string>
                </array>
            </dict>
            <dict>
                <key>id</key>
                <string>7549</string>
                <key>children</key>
                <array>
                    <string>7550</string>
                </array>
            </dict>
            <dict>
                <key>id</key>
                <string>7558</string>
                <key>children</key>
                <array>
                    <string>7559</string>
                </array>
            </dict>
            <dict>
                <key>id</key>
                <string>7569</string>
                <key>children</key>
                <array>
                    <string>7570</string>
                </array>
            </dict>
            <dict>
                <key>id</key>
                <string>7581</string>
                <key>children</key>
                <array>
                    <string>7582</string>
                </array>
            </dict>
            <dict>
                <key>id</key>
                <string>7593</string>
                <key>children</key>
                <array>
                    <string>7594</string>
                </array>
            </dict>
            <dict>
                <key>id</key>
                <string>7626</string>
                <key>children</key>
                <array>
                    <string>7627</string>
                </array>
            </dict>
            <dict>
                <key>id</key>
                <string>7635</string>
                <key>children</key>
                <array>
                    <string>7636</string>
                </array>
            </dict>
            <dict>
                <key>id</key>
                <string>7644</string>
                <key>children</key>
                <array>
                    <string>7645</string>
                </array>
            </dict>
            <dict>
                <key>id</key>
                <string>7653</string>
                <key>children</key>
                <array>
                    <string>7654</string>
                </array>
            </dict>
            <dict>
                <key>id</key>
                <string>7662</string>
                <key>children</key>
                <array>
                    <string>7663</string>
                </array>
            </dict>
            <dict>
                <key>id</key>
                <string>7671</string>
                <key>children</key>
                <array>
                    <string>7672</string>
                </array>
            </dict>
            <dict>
                <key>id</key>
                <string>7680</string>
                <key>children</key>
                <array>
                    <string>7681</string>
                </array>
            </dict>
            <dict>
                <key>id</key>
                <string>7689</string>
                <key>children</key>
                <array>
                    <string>7690</string>
                </array>
            </dict>
            <dict>
                <key>id</key>
                <string>7739</string>
                <key>children</key>
                <array>
                    <string>7740</string>
                </array>
            </dict>
            <dict>
                <key>id</key>
                <string>7760</string>
                <key>children</key>
                <array>
                    <string>7761</string>
                </array>
            </dict>
            <dict>
                <key>id</key>
                <string>7770</string>
                <key>children</key>
                <array>
                    <string>7771</string>
                </array>
            </dict>
            <dict>
                <key>id</key>
                <string>7779</string>
                <key>children</key>
                <array>
                    <string>7780</string>
                </array>
            </dict>
            <dict>
                <key>id</key>
                <string>7883</string>
                <key>children</key>
                <array>
                    <string>7884</string>
                </array>
            </dict>
            <dict>
                <key>id</key>
                <string>7894</string>
                <key>children</key>
                <array>
                    <string>7895</string>
                </array>
            </dict>
            <dict>
                <key>id</key>
                <string>7908</string>
                <key>children</key>
                <array>
                    <string>7909</string>
                </array>
            </dict>
            <dict>
                <key>id</key>
                <string>7918</string>
                <key>children</key>
                <array>
                    <string>7919</string>
                </array>
            </dict>
            <dict>
                <key>id</key>
                <string>7927</string>
                <key>children</key>
                <array>
                    <string>7928</string>
                </array>
            </dict>
            <dict>
                <key>id</key>
                <string>7936</string>
                <key>children</key>
                <array>
                    <string>7937</string>
                </array>
            </dict>
            <dict>
                <key>id</key>
                <string>8076</string>
                <key>children</key>
                <array>
                    <string>8077</string>
                </array>
            </dict>
            <dict>
                <key>id</key>
                <string>8087</string>
                <key>children</key>
                <array>
                    <string>8088</string>
                </array>
            </dict>
            <dict>
                <key>id</key>
                <string>8098</string>
                <key>children</key>
                <array>
                    <string>8099</string>
                </array>
            </dict>
            <dict>
                <key>id</key>
                <string>8205</string>
                <key>children</key>
                <array>
                    <string>8206</string>
                </array>
            </dict>
            <dict>
                <key>id</key>
                <string>8231</string>
                <key>children</key>
                <array>
                    <string>8232</string>
                </array>
            </dict>
            <dict>
                <key>id</key>
                <string>8240</string>
                <key>children</key>
                <array>
                    <string>8241</string>
                </array>
            </dict>
            <dict>
                <key>id</key>
                <string>8249</string>
                <key>children</key>
                <array>
                    <string>8250</string>
                </array>
            </dict>
            <dict>
                <key>id</key>
                <string>8258</string>
                <key>children</key>
                <array>
                    <string>8259</string>
                </array>
            </dict>
            <dict>
                <key>id</key>
                <string>8267</string>
                <key>children</key>
                <array>
                    <string>8268</string>
                </array>
            </dict>
            <dict>
                <key>id</key>
                <string>8276</string>
                <key>children</key>
                <array>
                    <string>8277</string>
                </array>
            </dict>
            <dict>
                <key>id</key>
                <string>8285</string>
                <key>children</key>
                <array>
                    <string>8286</string>
                </array>
            </dict>
            <dict>
                <key>id</key>
                <string>8294</string>
                <key>children</key>
                <array>
                    <string>8295</string>
                </array>
            </dict>
            <dict>
                <key>id</key>
                <string>8303</string>
                <key>children</key>
                <array>
                    <string>8304</string>
                </array>
            </dict>
            <dict>
                <key>id</key>
                <string>8312</string>
                <key>children</key>
                <array>
                    <string>8313</string>
                </array>
            </dict>
            <dict>
                <key>id</key>
                <string>8321</string>
                <key>children</key>
                <array>
                    <string>8322</string>
                </array>
            </dict>
            <dict>
                <key>id</key>
                <string>8330</string>
                <key>children</key>
                <array>
                    <string>8331</string>
                </array>
            </dict>
            <dict>
                <key>id</key>
                <string>8339</string>
                <key>children</key>
                <array>
                    <string>8340</string>
                </array>
            </dict>
            <dict>
                <key>id</key>
                <string>8348</string>
                <key>children</key>
                <array>
                    <string>8349</string>
                </array>
            </dict>
            <dict>
                <key>id</key>
                <string>8358</string>
                <key>children</key>
                <array>
                    <string>8359</string>
                </array>
            </dict>
            <dict>
                <key>id</key>
                <string>8371</string>
                <key>children</key>
                <array>
                    <string>8372</string>
                </array>
            </dict>
            <dict>
                <key>id</key>
                <string>8381</string>
                <key>children</key>
                <array>
                    <string>8382</string>
                </array>
            </dict>
            <dict>
                <key>id</key>
                <string>8390</string>
                <key>children</key>
                <array>
                    <string>8391</string>
                </array>
            </dict>
            <dict>
                <key>id</key>
                <string>8498</string>
                <key>children</key>
                <array>
                    <string>8499</string>
                </array>
            </dict>
            <dict>
                <key>id</key>
                <string>8507</string>
                <key>children</key>
                <array>
                    <string>8508</string>
                </array>
            </dict>
            <dict>
                <key>id</key>
                <string>8516</string>
                <key>children</key>
                <array>
                    <string>8517</string>
                </array>
            </dict>
            <dict>
                <key>id</key>
                <string>8525</string>
                <key>children</key>
                <array>
                    <string>8526</string>
                </array>
            </dict>
            <dict>
                <key>id</key>
                <string>8534</string>
                <key>children</key>
                <array>
                    <string>8535</string>
                </array>
            </dict>
            <dict>
                <key>id</key>
                <string>8543</string>
                <key>children</key>
                <array>
                    <string>8544</string>
                </array>
            </dict>
            <dict>
                <key>id</key>
                <string>8553</string>
                <key>children</key>
                <array>
                    <string>8554</string>
                </array>
            </dict>
            <dict>
                <key>id</key>
                <string>8562</string>
                <key>children</key>
                <array>
                    <string>8563</string>
                </array>
            </dict>
            <dict>
                <key>id</key>
                <string>8571</string>
                <key>children</key>
                <array>
                    <string>8572</string>
                </array>
            </dict>
            <dict>
                <key>id</key>
                <string>8580</string>
                <key>children</key>
                <array>
                    <string>8581</string>
                </array>
            </dict>
            <dict>
                <key>id</key>
                <string>8589</string>
                <key>children</key>
                <array>
                    <string>8590</string>
                </array>
            </dict>
            <dict>
                <key>id</key>
                <string>8598</string>
                <key>children</key>
                <array>
                    <string>8599</string>
                </array>
            </dict>
            <dict>
                <key>id</key>
                <string>8608</string>
                <key>children</key>
                <array>
                    <string>8609</string>
                </array>
            </dict>
            <dict>
                <key>id</key>
                <string>8617</string>
                <key>children</key>
                <array>
                    <string>8618</string>
                </array>
            </dict>
            <dict>
                <key>id</key>
                <string>8626</string>
                <key>children</key>
                <array>
                    <string>8627</string>
                </array>
            </dict>
            <dict>
                <key>id</key>
                <string>8635</string>
                <key>children</key>
                <array>
                    <string>8636</string>
                </array>
            </dict>
            <dict>
                <key>id</key>
                <string>8644</string>
                <key>children</key>
                <array>
                    <string>8645</string>
                </array>
            </dict>
            <dict>
                <key>id</key>
                <string>8653</string>
                <key>children</key>
                <array>
                    <string>8654</string>
                </array>
            </dict>
            <dict>
                <key>id</key>
                <string>8662</string>
                <key>children</key>
                <array>
                    <string>8663</string>
                </array>
            </dict>
            <dict>
                <key>id</key>
                <string>8671</string>
                <key>children</key>
                <array>
                    <string>8672</string>
                </array>
            </dict>
            <dict>
                <key>id</key>
                <string>8681</string>
                <key>children</key>
                <array>
                    <string>8682</string>
                </array>
            </dict>
            <dict>
                <key>id</key>
                <string>8690</string>
                <key>children</key>
                <array>
                    <string>8691</string>
                </array>
            </dict>
            <dict>
                <key>id</key>
                <string>8699</string>
                <key>children</key>
                <array>
                    <string>8700</string>
                </array>
            </dict>
            <dict>
                <key>id</key>
                <string>8708</string>
                <key>children</key>
                <array>
                    <string>8709</string>
                </array>
            </dict>
            <dict>
                <key>id</key>
                <string>8717</string>
                <key>children</key>
                <array>
                    <string>8718</string>
                </array>
            </dict>
            <dict>
                <key>id</key>
                <string>8726</string>
                <key>children</key>
                <array>
                    <string>8727</string>
                </array>
            </dict>
            <dict>
                <key>id</key>
                <string>8735</string>
                <key>children</key>
                <array>
                    <string>8736</string>
                </array>
            </dict>
            <dict>
                <key>id</key>
                <string>8744</string>
                <key>children</key>
                <array>
                    <string>8745</string>
                </array>
            </dict>
            <dict>
                <key>id</key>
                <string>8753</string>
                <key>children</key>
                <array>
                    <string>8754</string>
                </array>
            </dict>
            <dict>
                <key>id</key>
                <string>8762</string>
                <key>children</key>
                <array>
                    <string>8763</string>
                </array>
            </dict>
            <dict>
                <key>id</key>
                <string>8771</string>
                <key>children</key>
                <array>
                    <string>8772</string>
                </array>
            </dict>
            <dict>
                <key>id</key>
                <string>8780</string>
                <key>children</key>
                <array>
                    <string>8781</string>
                </array>
            </dict>
            <dict>
                <key>id</key>
                <string>8789</string>
                <key>children</key>
                <array>
                    <string>8790</string>
                </array>
            </dict>
            <dict>
                <key>id</key>
                <string>8798</string>
                <key>children</key>
                <array>
                    <string>8799</string>
                </array>
            </dict>
            <dict>
                <key>id</key>
                <string>8807</string>
                <key>children</key>
                <array>
                    <string>8808</string>
                </array>
            </dict>
            <dict>
                <key>id</key>
                <string>8820</string>
                <key>children</key>
                <array>
                    <string>8821</string>
                </array>
            </dict>
            <dict>
                <key>id</key>
                <string>8862</string>
                <key>children</key>
                <array>
                    <string>8863</string>
                </array>
            </dict>
            <dict>
                <key>id</key>
                <string>8871</string>
                <key>children</key>
                <array>
                    <string>8872</string>
                </array>
            </dict>
            <dict>
                <key>id</key>
                <string>8936</string>
                <key>children</key>
                <array>
                    <string>8937</string>
                </array>
            </dict>
            <dict>
                <key>id</key>
                <string>8945</string>
                <key>children</key>
                <array>
                    <string>8946</string>
                </array>
            </dict>
            <dict>
                <key>id</key>
                <string>8967</string>
                <key>children</key>
                <array>
                    <string>8968</string>
                </array>
            </dict>
            <dict>
                <key>id</key>
                <string>9078</string>
                <key>children</key>
                <array>
                    <string>9079</string>
                </array>
            </dict>
            <dict>
                <key>id</key>
                <string>9088</string>
                <key>children</key>
                <array>
                    <string>9089</string>
                </array>
            </dict>
            <dict>
                <key>id</key>
                <string>9097</string>
                <key>children</key>
                <array>
                    <string>9098</string>
                </array>
            </dict>
            <dict>
                <key>id</key>
                <string>9109</string>
                <key>children</key>
                <array>
                    <string>9110</string>
                </array>
            </dict>
            <dict>
                <key>id</key>
                <string>9119</string>
                <key>children</key>
                <array>
                    <string>9120</string>
                </array>
            </dict>
            <dict>
                <key>id</key>
                <string>9130</string>
                <key>children</key>
                <array>
                    <string>9131</string>
                </array>
            </dict>
            <dict>
                <key>id</key>
                <string>9140</string>
                <key>children</key>
                <array>
                    <string>9141</string>
                </array>
            </dict>
            <dict>
                <key>id</key>
                <string>9149</string>
                <key>children</key>
                <array>
                    <string>9150</string>
                </array>
            </dict>
            <dict>
                <key>id</key>
                <string>9158</string>
                <key>children</key>
                <array>
                    <string>9159</string>
                </array>
            </dict>
            <dict>
                <key>id</key>
                <string>9168</string>
                <key>children</key>
                <array>
                    <string>9169</string>
                </array>
            </dict>
            <dict>
                <key>id</key>
                <string>9178</string>
                <key>children</key>
                <array>
                    <string>9179</string>
                </array>
            </dict>
            <dict>
                <key>id</key>
                <string>9187</string>
                <key>children</key>
                <array>
                    <string>9188</string>
                </array>
            </dict>
            <dict>
                <key>id</key>
                <string>9200</string>
                <key>children</key>
                <array>
                    <string>9201</string>
                </array>
            </dict>
            <dict>
                <key>id</key>
                <string>9211</string>
                <key>children</key>
                <array>
                    <string>9212</string>
                </array>
            </dict>
            <dict>
                <key>id</key>
                <string>9241</string>
                <key>children</key>
                <array>
                    <string>9242</string>
                </array>
            </dict>
            <dict>
                <key>id</key>
                <string>9251</string>
                <key>children</key>
                <array>
                    <string>9252</string>
                </array>
            </dict>
            <dict>
                <key>id</key>
                <string>9261</string>
                <key>children</key>
                <array>
                    <string>9262</string>
                </array>
            </dict>
            <dict>
                <key>id</key>
                <string>9271</string>
                <key>children</key>
                <array>
                    <string>9272</string>
                </array>
            </dict>
            <dict>
                <key>id</key>
                <string>9281</string>
                <key>children</key>
                <array>
                    <string>9282</string>
                </array>
            </dict>
        </array>
    </dict>
</plist>
