<?xml version="1.0" encoding="UTF-8"?>
<!DOCTYPE plist PUBLIC "-//Apple//DTD PLIST 1.0//EN" "http://www.apple.com/DTDs/PropertyList-1.0.dtd"/>

<plist version="1.0">
    <dict>
        <key>ROOT</key>
        <array>
            <dict>
                <key>id</key>
                <string>106</string>
            </dict>
            <dict>
                <key>id</key>
                <string>110</string>
            </dict>
            <dict>
                <key>id</key>
                <string>121</string>
            </dict>
            <dict>
                <key>id</key>
                <string>151</string>
            </dict>
            <dict>
                <key>id</key>
                <string>342</string>
            </dict>
            <dict>
                <key>id</key>
                <string>442</string>
            </dict>
            <dict>
                <key>id</key>
                <string>992</string>
            </dict>
            <dict>
                <key>id</key>
                <string>1043</string>
            </dict>
            <dict>
                <key>id</key>
                <string>1051</string>
            </dict>
            <dict>
                <key>id</key>
                <string>1187</string>
            </dict>
            <dict>
                <key>id</key>
                <string>1484</string>
            </dict>
            <dict>
                <key>id</key>
                <string>1490</string>
            </dict>
            <dict>
                <key>id</key>
                <string>1502</string>
            </dict>
            <dict>
                <key>id</key>
                <string>1567</string>
            </dict>
            <dict>
                <key>id</key>
                <string>1573</string>
            </dict>
            <dict>
                <key>id</key>
                <string>1576</string>
            </dict>
            <dict>
                <key>id</key>
                <string>1581</string>
            </dict>
            <dict>
                <key>id</key>
                <string>1589</string>
            </dict>
            <dict>
                <key>id</key>
                <string>1591</string>
            </dict>
            <dict>
                <key>id</key>
                <string>1598</string>
            </dict>
            <dict>
                <key>id</key>
                <string>1604</string>
            </dict>
            <dict>
                <key>id</key>
                <string>1610</string>
            </dict>
            <dict>
                <key>id</key>
                <string>1613</string>
            </dict>
            <dict>
                <key>id</key>
                <string>1616</string>
            </dict>
            <dict>
                <key>id</key>
                <string>1619</string>
            </dict>
            <dict>
                <key>id</key>
                <string>1629</string>
            </dict>
            <dict>
                <key>id</key>
                <string>1660</string>
            </dict>
            <dict>
                <key>id</key>
                <string>1663</string>
            </dict>
            <dict>
                <key>id</key>
                <string>1684</string>
            </dict>
            <dict>
                <key>id</key>
                <string>1701</string>
            </dict>
            <dict>
                <key>id</key>
                <string>1712</string>
            </dict>
            <dict>
                <key>id</key>
                <string>1876</string>
            </dict>
            <dict>
                <key>id</key>
                <string>1907</string>
            </dict>
            <dict>
                <key>id</key>
                <string>1966</string>
            </dict>
            <dict>
                <key>id</key>
                <string>1977</string>
            </dict>
            <dict>
                <key>id</key>
                <string>2041</string>
            </dict>
            <dict>
                <key>id</key>
                <string>2046</string>
            </dict>
            <dict>
                <key>id</key>
                <string>2095</string>
            </dict>
            <dict>
                <key>id</key>
                <string>2151</string>
            </dict>
            <dict>
                <key>id</key>
                <string>2152</string>
            </dict>
            <dict>
                <key>id</key>
                <string>2153</string>
            </dict>
            <dict>
                <key>id</key>
                <string>2154</string>
            </dict>
            <dict>
                <key>id</key>
                <string>2155</string>
            </dict>
            <dict>
                <key>id</key>
                <string>2156</string>
            </dict>
            <dict>
                <key>id</key>
                <string>2157</string>
            </dict>
            <dict>
                <key>id</key>
                <string>2158</string>
            </dict>
            <dict>
                <key>id</key>
                <string>2159</string>
            </dict>
            <dict>
                <key>id</key>
                <string>2160</string>
            </dict>
            <dict>
                <key>id</key>
                <string>2178</string>
            </dict>
            <dict>
                <key>id</key>
                <string>2179</string>
            </dict>
            <dict>
                <key>id</key>
                <string>2180</string>
            </dict>
            <dict>
                <key>id</key>
                <string>2181</string>
            </dict>
            <dict>
                <key>id</key>
                <string>2182</string>
            </dict>
            <dict>
                <key>id</key>
                <string>2183</string>
            </dict>
            <dict>
                <key>id</key>
                <string>2184</string>
            </dict>
            <dict>
                <key>id</key>
                <string>2185</string>
            </dict>
            <dict>
                <key>id</key>
                <string>2186</string>
            </dict>
            <dict>
                <key>id</key>
                <string>2187</string>
            </dict>
            <dict>
                <key>id</key>
                <string>2205</string>
            </dict>
            <dict>
                <key>id</key>
                <string>2206</string>
            </dict>
            <dict>
                <key>id</key>
                <string>2207</string>
            </dict>
            <dict>
                <key>id</key>
                <string>2208</string>
            </dict>
            <dict>
                <key>id</key>
                <string>2209</string>
            </dict>
            <dict>
                <key>id</key>
                <string>2210</string>
            </dict>
            <dict>
                <key>id</key>
                <string>2211</string>
            </dict>
            <dict>
                <key>id</key>
                <string>2212</string>
            </dict>
            <dict>
                <key>id</key>
                <string>2228</string>
            </dict>
            <dict>
                <key>id</key>
                <string>2229</string>
            </dict>
            <dict>
                <key>id</key>
                <string>2230</string>
            </dict>
            <dict>
                <key>id</key>
                <string>2231</string>
            </dict>
            <dict>
                <key>id</key>
                <string>2232</string>
            </dict>
            <dict>
                <key>id</key>
                <string>2233</string>
            </dict>
            <dict>
                <key>id</key>
                <string>2234</string>
            </dict>
            <dict>
                <key>id</key>
                <string>2235</string>
            </dict>
            <dict>
                <key>id</key>
                <string>2236</string>
            </dict>
            <dict>
                <key>id</key>
                <string>2237</string>
            </dict>
            <dict>
                <key>id</key>
                <string>2255</string>
            </dict>
            <dict>
                <key>id</key>
                <string>2256</string>
            </dict>
            <dict>
                <key>id</key>
                <string>2257</string>
            </dict>
            <dict>
                <key>id</key>
                <string>2258</string>
            </dict>
            <dict>
                <key>id</key>
                <string>2259</string>
            </dict>
            <dict>
                <key>id</key>
                <string>2272</string>
            </dict>
            <dict>
                <key>id</key>
                <string>2273</string>
            </dict>
            <dict>
                <key>id</key>
                <string>2274</string>
            </dict>
            <dict>
                <key>id</key>
                <string>2275</string>
            </dict>
            <dict>
                <key>id</key>
                <string>2314</string>
            </dict>
            <dict>
                <key>id</key>
                <string>2315</string>
            </dict>
            <dict>
                <key>id</key>
                <string>2316</string>
            </dict>
            <dict>
                <key>id</key>
                <string>2317</string>
            </dict>
            <dict>
                <key>id</key>
                <string>2318</string>
            </dict>
            <dict>
                <key>id</key>
                <string>2319</string>
            </dict>
            <dict>
                <key>id</key>
                <string>2320</string>
            </dict>
            <dict>
                <key>id</key>
                <string>2321</string>
            </dict>
            <dict>
                <key>id</key>
                <string>2322</string>
            </dict>
            <dict>
                <key>id</key>
                <string>2323</string>
            </dict>
            <dict>
                <key>id</key>
                <string>2422</string>
            </dict>
            <dict>
                <key>id</key>
                <string>2446</string>
            </dict>
            <dict>
                <key>id</key>
                <string>2459</string>
            </dict>
            <dict>
                <key>id</key>
                <string>2476</string>
            </dict>
            <dict>
                <key>id</key>
                <string>2545</string>
            </dict>
            <dict>
                <key>id</key>
                <string>2638</string>
            </dict>
            <dict>
                <key>id</key>
                <string>2685</string>
            </dict>
            <dict>
                <key>id</key>
                <string>2875</string>
            </dict>
            <dict>
                <key>id</key>
                <string>2876</string>
            </dict>
            <dict>
                <key>id</key>
                <string>2877</string>
            </dict>
            <dict>
                <key>id</key>
                <string>2878</string>
            </dict>
            <dict>
                <key>id</key>
                <string>2879</string>
            </dict>
            <dict>
                <key>id</key>
                <string>2880</string>
            </dict>
            <dict>
                <key>id</key>
                <string>2881</string>
            </dict>
            <dict>
                <key>id</key>
                <string>2882</string>
            </dict>
            <dict>
                <key>id</key>
                <string>2883</string>
            </dict>
            <dict>
                <key>id</key>
                <string>2903</string>
            </dict>
            <dict>
                <key>id</key>
                <string>3083</string>
            </dict>
            <dict>
                <key>id</key>
                <string>3311</string>
            </dict>
            <dict>
                <key>id</key>
                <string>3458</string>
            </dict>
            <dict>
                <key>id</key>
                <string>3694</string>
            </dict>
            <dict>
                <key>id</key>
                <string>3705</string>
            </dict>
            <dict>
                <key>id</key>
                <string>3820</string>
            </dict>
            <dict>
                <key>id</key>
                <string>3821</string>
            </dict>
            <dict>
                <key>id</key>
                <string>3822</string>
            </dict>
            <dict>
                <key>id</key>
                <string>3823</string>
            </dict>
            <dict>
                <key>id</key>
                <string>3824</string>
            </dict>
            <dict>
                <key>id</key>
                <string>3825</string>
            </dict>
            <dict>
                <key>id</key>
                <string>3826</string>
            </dict>
            <dict>
                <key>id</key>
                <string>3827</string>
            </dict>
            <dict>
                <key>id</key>
                <string>3828</string>
            </dict>
            <dict>
                <key>id</key>
                <string>3983</string>
            </dict>
            <dict>
                <key>id</key>
                <string>4026</string>
            </dict>
            <dict>
                <key>id</key>
                <string>4168</string>
            </dict>
            <dict>
                <key>id</key>
                <string>5093</string>
            </dict>
            <dict>
                <key>id</key>
                <string>5222</string>
            </dict>
            <dict>
                <key>id</key>
                <string>5256</string>
            </dict>
            <dict>
                <key>id</key>
                <string>5346</string>
            </dict>
            <dict>
                <key>id</key>
                <string>5436</string>
            </dict>
            <dict>
                <key>id</key>
                <string>5652</string>
            </dict>
            <dict>
                <key>id</key>
                <string>5664</string>
            </dict>
            <dict>
                <key>id</key>
                <string>5756</string>
            </dict>
            <dict>
                <key>id</key>
                <string>5776</string>
            </dict>
            <dict>
                <key>id</key>
                <string>5807</string>
            </dict>
            <dict>
                <key>id</key>
                <string>5828</string>
            </dict>
            <dict>
                <key>id</key>
                <string>5953</string>
            </dict>
            <dict>
                <key>id</key>
                <string>5954</string>
            </dict>
            <dict>
                <key>id</key>
                <string>5955</string>
            </dict>
            <dict>
                <key>id</key>
                <string>5956</string>
            </dict>
            <dict>
                <key>id</key>
                <string>5957</string>
            </dict>
            <dict>
                <key>id</key>
                <string>5958</string>
            </dict>
            <dict>
                <key>id</key>
                <string>5993</string>
            </dict>
            <dict>
                <key>id</key>
                <string>5994</string>
            </dict>
            <dict>
                <key>id</key>
                <string>5995</string>
            </dict>
            <dict>
                <key>id</key>
                <string>5996</string>
            </dict>
            <dict>
                <key>id</key>
                <string>5997</string>
            </dict>
            <dict>
                <key>id</key>
                <string>5998</string>
            </dict>
            <dict>
                <key>id</key>
                <string>6270</string>
            </dict>
            <dict>
                <key>id</key>
                <string>6498</string>
            </dict>
            <dict>
                <key>id</key>
                <string>6499</string>
            </dict>
            <dict>
                <key>id</key>
                <string>6500</string>
            </dict>
            <dict>
                <key>id</key>
                <string>6501</string>
            </dict>
            <dict>
                <key>id</key>
                <string>6502</string>
            </dict>
            <dict>
                <key>id</key>
                <string>6503</string>
            </dict>
            <dict>
                <key>id</key>
                <string>6504</string>
            </dict>
            <dict>
                <key>id</key>
                <string>6505</string>
            </dict>
            <dict>
                <key>id</key>
                <string>6506</string>
            </dict>
            <dict>
                <key>id</key>
                <string>6508</string>
            </dict>
            <dict>
                <key>id</key>
                <string>6525</string>
            </dict>
            <dict>
                <key>id</key>
                <string>6526</string>
            </dict>
            <dict>
                <key>id</key>
                <string>6527</string>
            </dict>
            <dict>
                <key>id</key>
                <string>6528</string>
            </dict>
            <dict>
                <key>id</key>
                <string>6529</string>
            </dict>
            <dict>
                <key>id</key>
                <string>6530</string>
            </dict>
            <dict>
                <key>id</key>
                <string>6531</string>
            </dict>
            <dict>
                <key>id</key>
                <string>6532</string>
            </dict>
            <dict>
                <key>id</key>
                <string>6533</string>
            </dict>
            <dict>
                <key>id</key>
                <string>6534</string>
            </dict>
            <dict>
                <key>id</key>
                <string>6565</string>
            </dict>
            <dict>
                <key>id</key>
                <string>6566</string>
            </dict>
            <dict>
                <key>id</key>
                <string>6567</string>
            </dict>
            <dict>
                <key>id</key>
                <string>6568</string>
            </dict>
            <dict>
                <key>id</key>
                <string>6569</string>
            </dict>
            <dict>
                <key>id</key>
                <string>6570</string>
            </dict>
            <dict>
                <key>id</key>
                <string>6571</string>
            </dict>
            <dict>
                <key>id</key>
                <string>6572</string>
            </dict>
            <dict>
                <key>id</key>
                <string>6573</string>
            </dict>
            <dict>
                <key>id</key>
                <string>6574</string>
            </dict>
            <dict>
                <key>id</key>
                <string>6624</string>
            </dict>
            <dict>
                <key>id</key>
                <string>6625</string>
            </dict>
            <dict>
                <key>id</key>
                <string>6626</string>
            </dict>
            <dict>
                <key>id</key>
                <string>6627</string>
            </dict>
            <dict>
                <key>id</key>
                <string>6628</string>
            </dict>
            <dict>
                <key>id</key>
                <string>6630</string>
            </dict>
            <dict>
                <key>id</key>
                <string>6631</string>
            </dict>
            <dict>
                <key>id</key>
                <string>6632</string>
            </dict>
            <dict>
                <key>id</key>
                <string>6633</string>
            </dict>
            <dict>
                <key>id</key>
                <string>6634</string>
            </dict>
            <dict>
                <key>id</key>
                <string>6694</string>
            </dict>
            <dict>
                <key>id</key>
                <string>6705</string>
            </dict>
            <dict>
                <key>id</key>
                <string>6735</string>
            </dict>
            <dict>
                <key>id</key>
                <string>6840</string>
            </dict>
            <dict>
                <key>id</key>
                <string>6910</string>
            </dict>
            <dict>
                <key>id</key>
                <string>6962</string>
            </dict>
            <dict>
                <key>id</key>
                <string>6975</string>
            </dict>
            <dict>
                <key>id</key>
                <string>6976</string>
            </dict>
            <dict>
                <key>id</key>
                <string>6977</string>
            </dict>
            <dict>
                <key>id</key>
                <string>6978</string>
            </dict>
            <dict>
                <key>id</key>
                <string>6979</string>
            </dict>
            <dict>
                <key>id</key>
                <string>6980</string>
            </dict>
            <dict>
                <key>id</key>
                <string>6981</string>
            </dict>
            <dict>
                <key>id</key>
                <string>6982</string>
            </dict>
            <dict>
                <key>id</key>
                <string>6983</string>
            </dict>
            <dict>
                <key>id</key>
                <string>6984</string>
            </dict>
            <dict>
                <key>id</key>
                <string>7004</string>
            </dict>
            <dict>
                <key>id</key>
                <string>7008</string>
            </dict>
            <dict>
                <key>id</key>
                <string>7119</string>
            </dict>
            <dict>
                <key>id</key>
                <string>7166</string>
            </dict>
            <dict>
                <key>id</key>
                <string>7189</string>
            </dict>
            <dict>
                <key>id</key>
                <string>7201</string>
            </dict>
            <dict>
                <key>id</key>
                <string>7365</string>
            </dict>
            <dict>
                <key>id</key>
                <string>7500</string>
            </dict>
            <dict>
                <key>id</key>
                <string>7512</string>
            </dict>
            <dict>
                <key>id</key>
                <string>7566</string>
            </dict>
            <dict>
                <key>id</key>
                <string>7578</string>
            </dict>
            <dict>
                <key>id</key>
                <string>7590</string>
            </dict>
            <dict>
                <key>id</key>
                <string>7736</string>
            </dict>
            <dict>
                <key>id</key>
                <string>7757</string>
            </dict>
            <dict>
                <key>id</key>
                <string>7880</string>
            </dict>
            <dict>
                <key>id</key>
                <string>7891</string>
            </dict>
            <dict>
                <key>id</key>
                <string>8073</string>
            </dict>
            <dict>
                <key>id</key>
                <string>8084</string>
            </dict>
            <dict>
                <key>id</key>
                <string>8095</string>
            </dict>
            <dict>
                <key>id</key>
                <string>8368</string>
            </dict>
            <dict>
                <key>id</key>
                <string>8882</string>
            </dict>
            <dict>
                <key>id</key>
                <string>8888</string>
            </dict>
            <dict>
                <key>id</key>
                <string>8893</string>
            </dict>
            <dict>
                <key>id</key>
                <string>8907</string>
            </dict>
            <dict>
                <key>id</key>
                <string>8922</string>
            </dict>
            <dict>
                <key>id</key>
                <string>8928</string>
            </dict>
            <dict>
                <key>id</key>
                <string>8957</string>
            </dict>
            <dict>
                <key>id</key>
                <string>8958</string>
            </dict>
            <dict>
                <key>id</key>
                <string>8959</string>
            </dict>
            <dict>
                <key>id</key>
                <string>8960</string>
            </dict>
            <dict>
                <key>id</key>
                <string>8961</string>
            </dict>
            <dict>
                <key>id</key>
                <string>8962</string>
            </dict>
            <dict>
                <key>id</key>
                <string>8963</string>
            </dict>
            <dict>
                <key>id</key>
                <string>8964</string>
            </dict>
            <dict>
                <key>id</key>
                <string>9106</string>
            </dict>
        </array>
    </dict>
</plist>
