<?xml version="1.0" encoding="UTF-8"?>
<!DOCTYPE plist PUBLIC "-//Apple//DTD PLIST 1.0//EN" "http://www.apple.com/DTDs/PropertyList-1.0.dtd"/>

<plist version="1.0">
    <dict>
        <key>ROOT</key>
        <array>
            <dict>
                <key>id</key>
                <string>1702</string>
                <key>Idle Animation</key>
                <dict>
                    <key>value</key>
                    <string>1704</string>
                </dict>
            </dict>
            <dict>
                <key>id</key>
                <string>1713</string>
                <key>Idle Animation</key>
                <dict>
                    <key>value</key>
                    <string>1715</string>
                </dict>
            </dict>
            <dict>
                <key>id</key>
                <string>1908</string>
                <key>Idle Animation</key>
                <dict>
                    <key>value</key>
                    <string>1910</string>
                </dict>
            </dict>
            <dict>
                <key>id</key>
                <string>1967</string>
                <key>Idle Animation</key>
                <dict>
                    <key>value</key>
                    <string>1969</string>
                </dict>
            </dict>
            <dict>
                <key>id</key>
                <string>1978</string>
                <key>Idle Animation</key>
                <dict>
                    <key>value</key>
                    <string>1980</string>
                </dict>
            </dict>
            <dict>
                <key>id</key>
                <string>2324</string>
                <key>Idle Animation</key>
                <dict>
                    <key>value</key>
                    <string>2326</string>
                </dict>
            </dict>
            <dict>
                <key>id</key>
                <string>2477</string>
                <key>Idle Animation</key>
                <dict>
                    <key>value</key>
                    <string>2479</string>
                </dict>
            </dict>
            <dict>
                <key>id</key>
                <string>2686</string>
                <key>Idle Animation</key>
                <dict>
                    <key>value</key>
                    <string>2688</string>
                </dict>
            </dict>
            <dict>
                <key>id</key>
                <string>2904</string>
                <key>Idle Animation</key>
                <dict>
                    <key>value</key>
                    <string>2906</string>
                </dict>
            </dict>
            <dict>
                <key>id</key>
                <string>3084</string>
                <key>Idle Animation</key>
                <dict>
                    <key>value</key>
                    <string>3086</string>
                </dict>
            </dict>
            <dict>
                <key>id</key>
                <string>3312</string>
                <key>Idle Animation</key>
                <dict>
                    <key>value</key>
                    <string>3314</string>
                </dict>
            </dict>
            <dict>
                <key>id</key>
                <string>3459</string>
                <key>Idle Animation</key>
                <dict>
                    <key>value</key>
                    <string>3461</string>
                </dict>
            </dict>
            <dict>
                <key>id</key>
                <string>3695</string>
                <key>Idle Animation</key>
                <dict>
                    <key>value</key>
                    <string>3697</string>
                </dict>
            </dict>
            <dict>
                <key>id</key>
                <string>3706</string>
                <key>Idle Animation</key>
                <dict>
                    <key>value</key>
                    <string>3708</string>
                </dict>
            </dict>
            <dict>
                <key>id</key>
                <string>3829</string>
                <key>Idle Animation</key>
                <dict>
                    <key>value</key>
                    <string>3831</string>
                </dict>
            </dict>
            <dict>
                <key>id</key>
                <string>5257</string>
                <key>Idle Animation</key>
                <dict>
                    <key>value</key>
                    <string>5259</string>
                </dict>
            </dict>
            <dict>
                <key>id</key>
                <string>5347</string>
                <key>Idle Animation</key>
                <dict>
                    <key>value</key>
                    <string>5349</string>
                </dict>
            </dict>
            <dict>
                <key>id</key>
                <string>5437</string>
                <key>Idle Animation</key>
                <dict>
                    <key>value</key>
                    <string>5439</string>
                </dict>
            </dict>
            <dict>
                <key>id</key>
                <string>5653</string>
                <key>Idle Animation</key>
                <dict>
                    <key>value</key>
                    <string>5655</string>
                </dict>
            </dict>
            <dict>
                <key>id</key>
                <string>5665</string>
                <key>Idle Animation</key>
                <dict>
                    <key>value</key>
                    <string>5667</string>
                </dict>
            </dict>
            <dict>
                <key>id</key>
                <string>5757</string>
                <key>Idle Animation</key>
                <dict>
                    <key>value</key>
                    <string>5759</string>
                </dict>
            </dict>
            <dict>
                <key>id</key>
                <string>5777</string>
                <key>Idle Animation</key>
                <dict>
                    <key>value</key>
                    <string>5779</string>
                </dict>
            </dict>
            <dict>
                <key>id</key>
                <string>5808</string>
                <key>Idle Animation</key>
                <dict>
                    <key>value</key>
                    <string>5810</string>
                </dict>
            </dict>
            <dict>
                <key>id</key>
                <string>5829</string>
                <key>Idle Animation</key>
                <dict>
                    <key>value</key>
                    <string>5831</string>
                </dict>
            </dict>
            <dict>
                <key>id</key>
                <string>6271</string>
                <key>Idle Animation</key>
                <dict>
                    <key>value</key>
                    <string>6273</string>
                </dict>
            </dict>
            <dict>
                <key>id</key>
                <string>6695</string>
                <key>Idle Animation</key>
                <dict>
                    <key>value</key>
                    <string>6697</string>
                </dict>
            </dict>
            <dict>
                <key>id</key>
                <string>6706</string>
                <key>Idle Animation</key>
                <dict>
                    <key>value</key>
                    <string>6708</string>
                </dict>
            </dict>
            <dict>
                <key>id</key>
                <string>6736</string>
                <key>Idle Animation</key>
                <dict>
                    <key>value</key>
                    <string>6738</string>
                </dict>
            </dict>
            <dict>
                <key>id</key>
                <string>6841</string>
                <key>Idle Animation</key>
                <dict>
                    <key>value</key>
                    <string>6843</string>
                </dict>
            </dict>
            <dict>
                <key>id</key>
                <string>6911</string>
                <key>Idle Animation</key>
                <dict>
                    <key>value</key>
                    <string>6913</string>
                </dict>
            </dict>
            <dict>
                <key>id</key>
                <string>6963</string>
                <key>Idle Animation</key>
                <dict>
                    <key>value</key>
                    <string>6965</string>
                </dict>
            </dict>
            <dict>
                <key>id</key>
                <string>7167</string>
                <key>Idle Animation</key>
                <dict>
                    <key>value</key>
                    <string>7169</string>
                </dict>
            </dict>
            <dict>
                <key>id</key>
                <string>7190</string>
                <key>Idle Animation</key>
                <dict>
                    <key>value</key>
                    <string>7192</string>
                </dict>
            </dict>
            <dict>
                <key>id</key>
                <string>7202</string>
                <key>Idle Animation</key>
                <dict>
                    <key>value</key>
                    <string>7204</string>
                </dict>
            </dict>
            <dict>
                <key>id</key>
                <string>7501</string>
                <key>Idle Animation</key>
                <dict>
                    <key>value</key>
                    <string>7503</string>
                </dict>
            </dict>
            <dict>
                <key>id</key>
                <string>7513</string>
                <key>Idle Animation</key>
                <dict>
                    <key>value</key>
                    <string>7515</string>
                </dict>
            </dict>
            <dict>
                <key>id</key>
                <string>7567</string>
                <key>Idle Animation</key>
                <dict>
                    <key>value</key>
                    <string>7569</string>
                </dict>
            </dict>
            <dict>
                <key>id</key>
                <string>7737</string>
                <key>Idle Animation</key>
                <dict>
                    <key>value</key>
                    <string>7739</string>
                </dict>
            </dict>
            <dict>
                <key>id</key>
                <string>7892</string>
                <key>Idle Animation</key>
                <dict>
                    <key>value</key>
                    <string>7894</string>
                </dict>
            </dict>
            <dict>
                <key>id</key>
                <string>8965</string>
                <key>Idle Animation</key>
                <dict>
                    <key>value</key>
                    <string>8967</string>
                </dict>
            </dict>
        </array>
    </dict>
</plist>
