<?xml version="1.0" encoding="UTF-8"?>
<!DOCTYPE plist PUBLIC "-//Apple//DTD PLIST 1.0//EN" "http://www.apple.com/DTDs/PropertyList-1.0.dtd"/>

<plist version="1.0">
    <dict>
        <key>ROOT</key>
        <array>
            <dict>
                <key>id</key>
                <string>394</string>
            </dict>
            <dict>
                <key>id</key>
                <string>1285</string>
            </dict>
            <dict>
                <key>id</key>
                <string>5247</string>
            </dict>
            <dict>
                <key>id</key>
                <string>5253</string>
            </dict>
            <dict>
                <key>id</key>
                <string>5643</string>
            </dict>
            <dict>
                <key>id</key>
                <string>5649</string>
            </dict>
            <dict>
                <key>id</key>
                <string>5746</string>
            </dict>
            <dict>
                <key>id</key>
                <string>5750</string>
            </dict>
            <dict>
                <key>id</key>
                <string>7180</string>
            </dict>
            <dict>
                <key>id</key>
                <string>7186</string>
            </dict>
        </array>
    </dict>
</plist>
