<?xml version="1.0" encoding="UTF-8"?>
<!DOCTYPE plist PUBLIC "-//Apple//DTD PLIST 1.0//EN" "http://www.apple.com/DTDs/PropertyList-1.0.dtd"/>

<plist version="1.0">
    <dict>
        <key>ROOT</key>
        <array>
            <dict>
                <key>id</key>
                <string>105</string>
                <key>sprites</key>
                <array>
                    <string>106</string>
                </array>
            </dict>
            <dict>
                <key>id</key>
                <string>109</string>
                <key>sprites</key>
                <array>
                    <string>110</string>
                </array>
            </dict>
            <dict>
                <key>id</key>
                <string>120</string>
                <key>sprites</key>
                <array>
                    <string>121</string>
                </array>
            </dict>
            <dict>
                <key>id</key>
                <string>150</string>
                <key>sprites</key>
                <array>
                    <string>151</string>
                </array>
            </dict>
            <dict>
                <key>id</key>
                <string>341</string>
                <key>sprites</key>
                <array>
                    <string>342</string>
                </array>
            </dict>
            <dict>
                <key>id</key>
                <string>441</string>
                <key>sprites</key>
                <array>
                    <string>442</string>
                </array>
            </dict>
            <dict>
                <key>id</key>
                <string>991</string>
                <key>sprites</key>
                <array>
                    <string>992</string>
                </array>
            </dict>
            <dict>
                <key>id</key>
                <string>1042</string>
                <key>sprites</key>
                <array>
                    <string>1043</string>
                </array>
            </dict>
            <dict>
                <key>id</key>
                <string>1050</string>
                <key>sprites</key>
                <array>
                    <string>1051</string>
                </array>
            </dict>
            <dict>
                <key>id</key>
                <string>1186</string>
                <key>sprites</key>
                <array>
                    <string>1187</string>
                </array>
            </dict>
            <dict>
                <key>id</key>
                <string>1483</string>
                <key>sprites</key>
                <array>
                    <string>1484</string>
                </array>
            </dict>
            <dict>
                <key>id</key>
                <string>1489</string>
                <key>sprites</key>
                <array>
                    <string>1490</string>
                </array>
            </dict>
            <dict>
                <key>id</key>
                <string>1501</string>
                <key>sprites</key>
                <array>
                    <string>1502</string>
                </array>
            </dict>
            <dict>
                <key>id</key>
                <string>1566</string>
                <key>sprites</key>
                <array>
                    <string>1567</string>
                </array>
            </dict>
            <dict>
                <key>id</key>
                <string>1572</string>
                <key>sprites</key>
                <array>
                    <string>1573</string>
                </array>
            </dict>
            <dict>
                <key>id</key>
                <string>1575</string>
                <key>sprites</key>
                <array>
                    <string>1576</string>
                </array>
            </dict>
            <dict>
                <key>id</key>
                <string>1580</string>
                <key>sprites</key>
                <array>
                    <string>1581</string>
                </array>
            </dict>
            <dict>
                <key>id</key>
                <string>1588</string>
                <key>sprites</key>
                <array>
                    <string>1589</string>
                </array>
            </dict>
            <dict>
                <key>id</key>
                <string>1590</string>
                <key>sprites</key>
                <array>
                    <string>1591</string>
                </array>
            </dict>
            <dict>
                <key>id</key>
                <string>1597</string>
                <key>sprites</key>
                <array>
                    <string>1598</string>
                </array>
            </dict>
            <dict>
                <key>id</key>
                <string>1603</string>
                <key>sprites</key>
                <array>
                    <string>1604</string>
                </array>
            </dict>
            <dict>
                <key>id</key>
                <string>1609</string>
                <key>sprites</key>
                <array>
                    <string>1610</string>
                </array>
            </dict>
            <dict>
                <key>id</key>
                <string>1612</string>
                <key>sprites</key>
                <array>
                    <string>1613</string>
                </array>
            </dict>
            <dict>
                <key>id</key>
                <string>1615</string>
                <key>sprites</key>
                <array>
                    <string>1616</string>
                </array>
            </dict>
            <dict>
                <key>id</key>
                <string>1618</string>
                <key>sprites</key>
                <array>
                    <string>1619</string>
                </array>
            </dict>
            <dict>
                <key>id</key>
                <string>1628</string>
                <key>sprites</key>
                <array>
                    <string>1629</string>
                </array>
            </dict>
            <dict>
                <key>id</key>
                <string>1659</string>
                <key>sprites</key>
                <array>
                    <string>1660</string>
                </array>
            </dict>
            <dict>
                <key>id</key>
                <string>1662</string>
                <key>sprites</key>
                <array>
                    <string>1663</string>
                </array>
            </dict>
            <dict>
                <key>id</key>
                <string>1683</string>
                <key>sprites</key>
                <array>
                    <string>1684</string>
                </array>
            </dict>
            <dict>
                <key>id</key>
                <string>1700</string>
                <key>sprites</key>
                <array>
                    <string>1701</string>
                </array>
            </dict>
            <dict>
                <key>id</key>
                <string>1711</string>
                <key>sprites</key>
                <array>
                    <string>1712</string>
                </array>
            </dict>
            <dict>
                <key>id</key>
                <string>1875</string>
                <key>sprites</key>
                <array>
                    <string>1876</string>
                </array>
            </dict>
            <dict>
                <key>id</key>
                <string>1906</string>
                <key>sprites</key>
                <array>
                    <string>1907</string>
                </array>
            </dict>
            <dict>
                <key>id</key>
                <string>1965</string>
                <key>sprites</key>
                <array>
                    <string>1966</string>
                </array>
            </dict>
            <dict>
                <key>id</key>
                <string>1976</string>
                <key>sprites</key>
                <array>
                    <string>1977</string>
                </array>
            </dict>
            <dict>
                <key>id</key>
                <string>2045</string>
                <key>sprites</key>
                <array>
                    <string>2046</string>
                </array>
            </dict>
            <dict>
                <key>id</key>
                <string>2094</string>
                <key>sprites</key>
                <array>
                    <string>2095</string>
                </array>
            </dict>
            <dict>
                <key>id</key>
                <string>2150</string>
                <key>sprites</key>
                <array>
                    <string>2151</string>
                    <string>2152</string>
                    <string>2153</string>
                    <string>2154</string>
                    <string>2155</string>
                    <string>2156</string>
                    <string>2157</string>
                    <string>2158</string>
                    <string>2159</string>
                    <string>2160</string>
                </array>
            </dict>
            <dict>
                <key>id</key>
                <string>2177</string>
                <key>sprites</key>
                <array>
                    <string>2178</string>
                    <string>2179</string>
                    <string>2180</string>
                    <string>2181</string>
                    <string>2182</string>
                    <string>2183</string>
                    <string>2184</string>
                    <string>2185</string>
                    <string>2186</string>
                    <string>2187</string>
                </array>
            </dict>
            <dict>
                <key>id</key>
                <string>2204</string>
                <key>sprites</key>
                <array>
                    <string>2205</string>
                    <string>2206</string>
                    <string>2207</string>
                    <string>2208</string>
                    <string>2209</string>
                    <string>2210</string>
                    <string>2211</string>
                    <string>2212</string>
                </array>
            </dict>
            <dict>
                <key>id</key>
                <string>2227</string>
                <key>sprites</key>
                <array>
                    <string>2228</string>
                    <string>2229</string>
                    <string>2230</string>
                    <string>2231</string>
                    <string>2232</string>
                    <string>2233</string>
                    <string>2234</string>
                    <string>2235</string>
                    <string>2236</string>
                    <string>2237</string>
                </array>
            </dict>
            <dict>
                <key>id</key>
                <string>2254</string>
                <key>sprites</key>
                <array>
                    <string>2255</string>
                    <string>2256</string>
                    <string>2257</string>
                    <string>2258</string>
                    <string>2259</string>
                </array>
            </dict>
            <dict>
                <key>id</key>
                <string>2271</string>
                <key>sprites</key>
                <array>
                    <string>2272</string>
                    <string>2273</string>
                    <string>2274</string>
                    <string>2275</string>
                </array>
            </dict>
            <dict>
                <key>id</key>
                <string>2313</string>
                <key>sprites</key>
                <array>
                    <string>2314</string>
                    <string>2315</string>
                    <string>2316</string>
                    <string>2317</string>
                    <string>2318</string>
                    <string>2319</string>
                    <string>2320</string>
                    <string>2321</string>
                    <string>2322</string>
                    <string>2323</string>
                </array>
            </dict>
            <dict>
                <key>id</key>
                <string>2421</string>
                <key>sprites</key>
                <array>
                    <string>2422</string>
                </array>
            </dict>
            <dict>
                <key>id</key>
                <string>2445</string>
                <key>sprites</key>
                <array>
                    <string>2446</string>
                </array>
            </dict>
            <dict>
                <key>id</key>
                <string>2458</string>
                <key>sprites</key>
                <array>
                    <string>2459</string>
                </array>
            </dict>
            <dict>
                <key>id</key>
                <string>2475</string>
                <key>sprites</key>
                <array>
                    <string>2476</string>
                </array>
            </dict>
            <dict>
                <key>id</key>
                <string>2544</string>
                <key>sprites</key>
                <array>
                    <string>2545</string>
                </array>
            </dict>
            <dict>
                <key>id</key>
                <string>2637</string>
                <key>sprites</key>
                <array>
                    <string>2638</string>
                </array>
            </dict>
            <dict>
                <key>id</key>
                <string>2684</string>
                <key>sprites</key>
                <array>
                    <string>2685</string>
                </array>
            </dict>
            <dict>
                <key>id</key>
                <string>2874</string>
                <key>sprites</key>
                <array>
                    <string>2875</string>
                    <string>2876</string>
                    <string>2877</string>
                    <string>2878</string>
                    <string>2879</string>
                    <string>2880</string>
                    <string>2881</string>
                    <string>2882</string>
                    <string>2883</string>
                </array>
            </dict>
            <dict>
                <key>id</key>
                <string>2902</string>
                <key>sprites</key>
                <array>
                    <string>2903</string>
                </array>
            </dict>
            <dict>
                <key>id</key>
                <string>3082</string>
                <key>sprites</key>
                <array>
                    <string>3083</string>
                </array>
            </dict>
            <dict>
                <key>id</key>
                <string>3310</string>
                <key>sprites</key>
                <array>
                    <string>3311</string>
                </array>
            </dict>
            <dict>
                <key>id</key>
                <string>3457</string>
                <key>sprites</key>
                <array>
                    <string>3458</string>
                </array>
            </dict>
            <dict>
                <key>id</key>
                <string>3693</string>
                <key>sprites</key>
                <array>
                    <string>3694</string>
                </array>
            </dict>
            <dict>
                <key>id</key>
                <string>3704</string>
                <key>sprites</key>
                <array>
                    <string>3705</string>
                </array>
            </dict>
            <dict>
                <key>id</key>
                <string>3819</string>
                <key>sprites</key>
                <array>
                    <string>3820</string>
                    <string>3821</string>
                    <string>3822</string>
                    <string>3823</string>
                    <string>3824</string>
                    <string>3825</string>
                    <string>3826</string>
                    <string>3827</string>
                    <string>3828</string>
                </array>
            </dict>
            <dict>
                <key>id</key>
                <string>3982</string>
                <key>sprites</key>
                <array>
                    <string>3983</string>
                </array>
            </dict>
            <dict>
                <key>id</key>
                <string>4025</string>
                <key>sprites</key>
                <array>
                    <string>4026</string>
                </array>
            </dict>
            <dict>
                <key>id</key>
                <string>4167</string>
                <key>sprites</key>
                <array>
                    <string>4168</string>
                </array>
            </dict>
            <dict>
                <key>id</key>
                <string>5092</string>
                <key>sprites</key>
                <array>
                    <string>5093</string>
                </array>
            </dict>
            <dict>
                <key>id</key>
                <string>5221</string>
                <key>sprites</key>
                <array>
                    <string>5222</string>
                </array>
            </dict>
            <dict>
                <key>id</key>
                <string>5255</string>
                <key>sprites</key>
                <array>
                    <string>5256</string>
                </array>
            </dict>
            <dict>
                <key>id</key>
                <string>5345</string>
                <key>sprites</key>
                <array>
                    <string>5346</string>
                </array>
            </dict>
            <dict>
                <key>id</key>
                <string>5435</string>
                <key>sprites</key>
                <array>
                    <string>5436</string>
                </array>
            </dict>
            <dict>
                <key>id</key>
                <string>5651</string>
                <key>sprites</key>
                <array>
                    <string>5652</string>
                </array>
            </dict>
            <dict>
                <key>id</key>
                <string>5663</string>
                <key>sprites</key>
                <array>
                    <string>5664</string>
                </array>
            </dict>
            <dict>
                <key>id</key>
                <string>5755</string>
                <key>sprites</key>
                <array>
                    <string>5756</string>
                </array>
            </dict>
            <dict>
                <key>id</key>
                <string>5775</string>
                <key>sprites</key>
                <array>
                    <string>5776</string>
                </array>
            </dict>
            <dict>
                <key>id</key>
                <string>5806</string>
                <key>sprites</key>
                <array>
                    <string>5807</string>
                </array>
            </dict>
            <dict>
                <key>id</key>
                <string>5827</string>
                <key>sprites</key>
                <array>
                    <string>5828</string>
                </array>
            </dict>
            <dict>
                <key>id</key>
                <string>5952</string>
                <key>sprites</key>
                <array>
                    <string>5953</string>
                    <string>5954</string>
                    <string>5955</string>
                    <string>5956</string>
                    <string>5957</string>
                    <string>5958</string>
                </array>
            </dict>
            <dict>
                <key>id</key>
                <string>5992</string>
                <key>sprites</key>
                <array>
                    <string>5993</string>
                    <string>5994</string>
                    <string>5995</string>
                    <string>5996</string>
                    <string>5997</string>
                    <string>5998</string>
                </array>
            </dict>
            <dict>
                <key>id</key>
                <string>6269</string>
                <key>sprites</key>
                <array>
                    <string>6270</string>
                </array>
            </dict>
            <dict>
                <key>id</key>
                <string>6497</string>
                <key>sprites</key>
                <array>
                    <string>6498</string>
                    <string>6499</string>
                    <string>6500</string>
                    <string>6501</string>
                    <string>6502</string>
                    <string>6503</string>
                    <string>6504</string>
                    <string>6505</string>
                    <string>6506</string>
                    <string>6508</string>
                </array>
            </dict>
            <dict>
                <key>id</key>
                <string>6564</string>
                <key>sprites</key>
                <array>
                    <string>6565</string>
                    <string>6566</string>
                    <string>6567</string>
                    <string>6568</string>
                    <string>6569</string>
                    <string>6570</string>
                    <string>6571</string>
                    <string>6572</string>
                    <string>6573</string>
                    <string>6574</string>
                </array>
            </dict>
            <dict>
                <key>id</key>
                <string>6623</string>
                <key>sprites</key>
                <array>
                    <string>6624</string>
                    <string>6625</string>
                    <string>6626</string>
                    <string>6627</string>
                    <string>6628</string>
                    <string>6630</string>
                    <string>6631</string>
                    <string>6632</string>
                    <string>6633</string>
                    <string>6634</string>
                </array>
            </dict>
            <dict>
                <key>id</key>
                <string>6693</string>
                <key>sprites</key>
                <array>
                    <string>6694</string>
                </array>
            </dict>
            <dict>
                <key>id</key>
                <string>6704</string>
                <key>sprites</key>
                <array>
                    <string>6705</string>
                </array>
            </dict>
            <dict>
                <key>id</key>
                <string>6734</string>
                <key>sprites</key>
                <array>
                    <string>6735</string>
                </array>
            </dict>
            <dict>
                <key>id</key>
                <string>6839</string>
                <key>sprites</key>
                <array>
                    <string>6840</string>
                </array>
            </dict>
            <dict>
                <key>id</key>
                <string>6909</string>
                <key>sprites</key>
                <array>
                    <string>6910</string>
                </array>
            </dict>
            <dict>
                <key>id</key>
                <string>6961</string>
                <key>sprites</key>
                <array>
                    <string>6962</string>
                </array>
            </dict>
            <dict>
                <key>id</key>
                <string>6974</string>
                <key>sprites</key>
                <array>
                    <string>6975</string>
                    <string>6976</string>
                    <string>6977</string>
                    <string>6978</string>
                    <string>6979</string>
                    <string>6980</string>
                    <string>6981</string>
                    <string>6982</string>
                    <string>6983</string>
                    <string>6984</string>
                </array>
            </dict>
            <dict>
                <key>id</key>
                <string>7003</string>
                <key>sprites</key>
                <array>
                    <string>7004</string>
                </array>
            </dict>
            <dict>
                <key>id</key>
                <string>7007</string>
                <key>sprites</key>
                <array>
                    <string>7008</string>
                </array>
            </dict>
            <dict>
                <key>id</key>
                <string>7118</string>
                <key>sprites</key>
                <array>
                    <string>7119</string>
                </array>
            </dict>
            <dict>
                <key>id</key>
                <string>7165</string>
                <key>sprites</key>
                <array>
                    <string>7166</string>
                </array>
            </dict>
            <dict>
                <key>id</key>
                <string>7188</string>
                <key>sprites</key>
                <array>
                    <string>7189</string>
                </array>
            </dict>
            <dict>
                <key>id</key>
                <string>7200</string>
                <key>sprites</key>
                <array>
                    <string>7201</string>
                </array>
            </dict>
            <dict>
                <key>id</key>
                <string>7364</string>
                <key>sprites</key>
                <array>
                    <string>7365</string>
                </array>
            </dict>
            <dict>
                <key>id</key>
                <string>7499</string>
                <key>sprites</key>
                <array>
                    <string>7500</string>
                </array>
            </dict>
            <dict>
                <key>id</key>
                <string>7511</string>
                <key>sprites</key>
                <array>
                    <string>7512</string>
                </array>
            </dict>
            <dict>
                <key>id</key>
                <string>7565</string>
                <key>sprites</key>
                <array>
                    <string>7566</string>
                </array>
            </dict>
            <dict>
                <key>id</key>
                <string>7577</string>
                <key>sprites</key>
                <array>
                    <string>7578</string>
                </array>
            </dict>
            <dict>
                <key>id</key>
                <string>7589</string>
                <key>sprites</key>
                <array>
                    <string>7590</string>
                </array>
            </dict>
            <dict>
                <key>id</key>
                <string>7735</string>
                <key>sprites</key>
                <array>
                    <string>7736</string>
                </array>
            </dict>
            <dict>
                <key>id</key>
                <string>7756</string>
                <key>sprites</key>
                <array>
                    <string>7757</string>
                </array>
            </dict>
            <dict>
                <key>id</key>
                <string>7879</string>
                <key>sprites</key>
                <array>
                    <string>7880</string>
                </array>
            </dict>
            <dict>
                <key>id</key>
                <string>7890</string>
                <key>sprites</key>
                <array>
                    <string>7891</string>
                </array>
            </dict>
            <dict>
                <key>id</key>
                <string>8072</string>
                <key>sprites</key>
                <array>
                    <string>8073</string>
                </array>
            </dict>
            <dict>
                <key>id</key>
                <string>8083</string>
                <key>sprites</key>
                <array>
                    <string>8084</string>
                </array>
            </dict>
            <dict>
                <key>id</key>
                <string>8094</string>
                <key>sprites</key>
                <array>
                    <string>8095</string>
                </array>
            </dict>
            <dict>
                <key>id</key>
                <string>8367</string>
                <key>sprites</key>
                <array>
                    <string>8368</string>
                </array>
            </dict>
            <dict>
                <key>id</key>
                <string>8881</string>
                <key>sprites</key>
                <array>
                    <string>8882</string>
                </array>
            </dict>
            <dict>
                <key>id</key>
                <string>8887</string>
                <key>sprites</key>
                <array>
                    <string>8888</string>
                </array>
            </dict>
            <dict>
                <key>id</key>
                <string>8892</string>
                <key>sprites</key>
                <array>
                    <string>8893</string>
                </array>
            </dict>
            <dict>
                <key>id</key>
                <string>8906</string>
                <key>sprites</key>
                <array>
                    <string>8907</string>
                </array>
            </dict>
            <dict>
                <key>id</key>
                <string>8921</string>
                <key>sprites</key>
                <array>
                    <string>8922</string>
                </array>
            </dict>
            <dict>
                <key>id</key>
                <string>8927</string>
                <key>sprites</key>
                <array>
                    <string>8928</string>
                </array>
            </dict>
            <dict>
                <key>id</key>
                <string>8956</string>
                <key>sprites</key>
                <array>
                    <string>8957</string>
                    <string>8958</string>
                    <string>8959</string>
                    <string>8960</string>
                    <string>8961</string>
                    <string>8962</string>
                    <string>8963</string>
                    <string>8964</string>
                </array>
            </dict>
            <dict>
                <key>id</key>
                <string>9105</string>
                <key>sprites</key>
                <array>
                    <string>9106</string>
                </array>
            </dict>
        </array>
    </dict>
</plist>
