<?xml version="1.0" encoding="UTF-8"?>
<!DOCTYPE plist PUBLIC "-//Apple//DTD PLIST 1.0//EN" "http://www.apple.com/DTDs/PropertyList-1.0.dtd"/>

<plist version="1.0">
    <dict>
        <key>ROOT</key>
        <array>
            <dict>
                <key>id</key>
                <string>1750</string>
                <key>Default Animation</key>
                <dict>
                    <key>value</key>
                    <string>1752</string>
                </dict>
                <key>Shooting Animation</key>
                <dict>
                    <key>value</key>
                    <string>1871</string>
                </dict>
                <key>Bullet Animation</key>
                <dict>
                    <key>value</key>
                    <string>1879</string>
                </dict>
                <key>Jump Animation</key>
                <dict>
                    <key>value</key>
                    <string>1791</string>
                </dict>
                <key>Move Animation</key>
                <dict>
                    <key>value</key>
                    <string>1844</string>
                </dict>
                <key>Defeated Animation</key>
                <dict>
                    <key>value</key>
                    <string>1818</string>
                </dict>
                <key>components</key>
                <array>
                    <string>1756</string>
                    <string>6495</string>
                    <string>6972</string>
                    <string>7117</string>
                </array>
            </dict>
        </array>
    </dict>
</plist>
