<?xml version="1.0" encoding="UTF-8"?>
<!DOCTYPE plist PUBLIC "-//Apple//DTD PLIST 1.0//EN" "http://www.apple.com/DTDs/PropertyList-1.0.dtd"/>

<plist version="1.0">
    <dict>
        <key>ROOT</key>
        <array>
            <dict>
                <key>id</key>
                <string>221</string>
            </dict>
            <dict>
                <key>id</key>
                <string>233</string>
            </dict>
            <dict>
                <key>id</key>
                <string>236</string>
            </dict>
            <dict>
                <key>id</key>
                <string>239</string>
            </dict>
            <dict>
                <key>id</key>
                <string>247</string>
            </dict>
            <dict>
                <key>id</key>
                <string>250</string>
            </dict>
            <dict>
                <key>id</key>
                <string>253</string>
            </dict>
            <dict>
                <key>id</key>
                <string>283</string>
            </dict>
            <dict>
                <key>id</key>
                <string>306</string>
            </dict>
            <dict>
                <key>id</key>
                <string>307</string>
            </dict>
            <dict>
                <key>id</key>
                <string>311</string>
            </dict>
            <dict>
                <key>id</key>
                <string>328</string>
            </dict>
            <dict>
                <key>id</key>
                <string>331</string>
            </dict>
            <dict>
                <key>id</key>
                <string>334</string>
            </dict>
            <dict>
                <key>id</key>
                <string>337</string>
            </dict>
            <dict>
                <key>id</key>
                <string>458</string>
            </dict>
            <dict>
                <key>id</key>
                <string>586</string>
            </dict>
            <dict>
                <key>id</key>
                <string>589</string>
            </dict>
            <dict>
                <key>id</key>
                <string>592</string>
            </dict>
            <dict>
                <key>id</key>
                <string>603</string>
            </dict>
            <dict>
                <key>id</key>
                <string>947</string>
            </dict>
            <dict>
                <key>id</key>
                <string>950</string>
            </dict>
            <dict>
                <key>id</key>
                <string>953</string>
            </dict>
            <dict>
                <key>id</key>
                <string>956</string>
            </dict>
            <dict>
                <key>id</key>
                <string>990</string>
                <key>Texture</key>
                <dict>
                    <key>value</key>
                    <string>991</string>
                </dict>
            </dict>
            <dict>
                <key>id</key>
                <string>1041</string>
                <key>Texture</key>
                <dict>
                    <key>value</key>
                    <string>1042</string>
                </dict>
            </dict>
            <dict>
                <key>id</key>
                <string>1046</string>
                <key>Texture</key>
                <dict>
                    <key>value</key>
                    <string>1042</string>
                </dict>
            </dict>
            <dict>
                <key>id</key>
                <string>1049</string>
                <key>Texture</key>
                <dict>
                    <key>value</key>
                    <string>1050</string>
                </dict>
            </dict>
            <dict>
                <key>id</key>
                <string>1185</string>
                <key>Texture</key>
                <dict>
                    <key>value</key>
                    <string>1186</string>
                </dict>
            </dict>
            <dict>
                <key>id</key>
                <string>1253</string>
            </dict>
            <dict>
                <key>id</key>
                <string>1319</string>
            </dict>
            <dict>
                <key>id</key>
                <string>1320</string>
            </dict>
            <dict>
                <key>id</key>
                <string>1399</string>
            </dict>
            <dict>
                <key>id</key>
                <string>1405</string>
            </dict>
            <dict>
                <key>id</key>
                <string>4029</string>
                <key>Texture</key>
                <dict>
                    <key>value</key>
                    <string>4025</string>
                </dict>
            </dict>
            <dict>
                <key>id</key>
                <string>4032</string>
                <key>Texture</key>
                <dict>
                    <key>value</key>
                    <string>4025</string>
                </dict>
            </dict>
            <dict>
                <key>id</key>
                <string>4035</string>
                <key>Texture</key>
                <dict>
                    <key>value</key>
                    <string>4025</string>
                </dict>
            </dict>
            <dict>
                <key>id</key>
                <string>4038</string>
                <key>Texture</key>
                <dict>
                    <key>value</key>
                    <string>4025</string>
                </dict>
            </dict>
            <dict>
                <key>id</key>
                <string>4041</string>
                <key>Texture</key>
                <dict>
                    <key>value</key>
                    <string>4025</string>
                </dict>
            </dict>
            <dict>
                <key>id</key>
                <string>4044</string>
                <key>Texture</key>
                <dict>
                    <key>value</key>
                    <string>4025</string>
                </dict>
            </dict>
            <dict>
                <key>id</key>
                <string>4047</string>
                <key>Texture</key>
                <dict>
                    <key>value</key>
                    <string>4025</string>
                </dict>
            </dict>
            <dict>
                <key>id</key>
                <string>4050</string>
                <key>Texture</key>
                <dict>
                    <key>value</key>
                    <string>4025</string>
                </dict>
            </dict>
            <dict>
                <key>id</key>
                <string>4053</string>
                <key>Texture</key>
                <dict>
                    <key>value</key>
                    <string>4025</string>
                </dict>
            </dict>
            <dict>
                <key>id</key>
                <string>4056</string>
                <key>Texture</key>
                <dict>
                    <key>value</key>
                    <string>4025</string>
                </dict>
            </dict>
            <dict>
                <key>id</key>
                <string>4059</string>
                <key>Texture</key>
                <dict>
                    <key>value</key>
                    <string>4025</string>
                </dict>
            </dict>
            <dict>
                <key>id</key>
                <string>4062</string>
                <key>Texture</key>
                <dict>
                    <key>value</key>
                    <string>4025</string>
                </dict>
            </dict>
            <dict>
                <key>id</key>
                <string>4065</string>
                <key>Texture</key>
                <dict>
                    <key>value</key>
                    <string>4025</string>
                </dict>
            </dict>
            <dict>
                <key>id</key>
                <string>4068</string>
                <key>Texture</key>
                <dict>
                    <key>value</key>
                    <string>4025</string>
                </dict>
            </dict>
            <dict>
                <key>id</key>
                <string>4071</string>
                <key>Texture</key>
                <dict>
                    <key>value</key>
                    <string>4025</string>
                </dict>
            </dict>
            <dict>
                <key>id</key>
                <string>4074</string>
                <key>Texture</key>
                <dict>
                    <key>value</key>
                    <string>4025</string>
                </dict>
            </dict>
            <dict>
                <key>id</key>
                <string>4077</string>
                <key>Texture</key>
                <dict>
                    <key>value</key>
                    <string>4025</string>
                </dict>
            </dict>
            <dict>
                <key>id</key>
                <string>4080</string>
                <key>Texture</key>
                <dict>
                    <key>value</key>
                    <string>4025</string>
                </dict>
            </dict>
            <dict>
                <key>id</key>
                <string>4083</string>
                <key>Texture</key>
                <dict>
                    <key>value</key>
                    <string>4025</string>
                </dict>
            </dict>
            <dict>
                <key>id</key>
                <string>4086</string>
                <key>Texture</key>
                <dict>
                    <key>value</key>
                    <string>4025</string>
                </dict>
            </dict>
            <dict>
                <key>id</key>
                <string>4171</string>
                <key>Texture</key>
                <dict>
                    <key>value</key>
                    <string>4167</string>
                </dict>
            </dict>
            <dict>
                <key>id</key>
                <string>4174</string>
                <key>Texture</key>
                <dict>
                    <key>value</key>
                    <string>4167</string>
                </dict>
            </dict>
            <dict>
                <key>id</key>
                <string>4177</string>
                <key>Texture</key>
                <dict>
                    <key>value</key>
                    <string>4167</string>
                </dict>
            </dict>
            <dict>
                <key>id</key>
                <string>4183</string>
                <key>Texture</key>
                <dict>
                    <key>value</key>
                    <string>4167</string>
                </dict>
            </dict>
            <dict>
                <key>id</key>
                <string>4189</string>
                <key>Texture</key>
                <dict>
                    <key>value</key>
                    <string>4167</string>
                </dict>
            </dict>
            <dict>
                <key>id</key>
                <string>4195</string>
                <key>Texture</key>
                <dict>
                    <key>value</key>
                    <string>4167</string>
                </dict>
            </dict>
            <dict>
                <key>id</key>
                <string>4201</string>
                <key>Texture</key>
                <dict>
                    <key>value</key>
                    <string>4167</string>
                </dict>
            </dict>
            <dict>
                <key>id</key>
                <string>4207</string>
                <key>Texture</key>
                <dict>
                    <key>value</key>
                    <string>4167</string>
                </dict>
            </dict>
            <dict>
                <key>id</key>
                <string>4213</string>
                <key>Texture</key>
                <dict>
                    <key>value</key>
                    <string>4167</string>
                </dict>
            </dict>
            <dict>
                <key>id</key>
                <string>4219</string>
                <key>Texture</key>
                <dict>
                    <key>value</key>
                    <string>4167</string>
                </dict>
            </dict>
            <dict>
                <key>id</key>
                <string>4225</string>
                <key>Texture</key>
                <dict>
                    <key>value</key>
                    <string>4167</string>
                </dict>
            </dict>
            <dict>
                <key>id</key>
                <string>4231</string>
                <key>Texture</key>
                <dict>
                    <key>value</key>
                    <string>4167</string>
                </dict>
            </dict>
            <dict>
                <key>id</key>
                <string>4237</string>
                <key>Texture</key>
                <dict>
                    <key>value</key>
                    <string>4167</string>
                </dict>
            </dict>
            <dict>
                <key>id</key>
                <string>4243</string>
                <key>Texture</key>
                <dict>
                    <key>value</key>
                    <string>4167</string>
                </dict>
            </dict>
            <dict>
                <key>id</key>
                <string>4249</string>
                <key>Texture</key>
                <dict>
                    <key>value</key>
                    <string>4167</string>
                </dict>
            </dict>
            <dict>
                <key>id</key>
                <string>4255</string>
                <key>Texture</key>
                <dict>
                    <key>value</key>
                    <string>4167</string>
                </dict>
            </dict>
            <dict>
                <key>id</key>
                <string>4261</string>
                <key>Texture</key>
                <dict>
                    <key>value</key>
                    <string>4167</string>
                </dict>
            </dict>
            <dict>
                <key>id</key>
                <string>4267</string>
                <key>Texture</key>
                <dict>
                    <key>value</key>
                    <string>4167</string>
                </dict>
            </dict>
            <dict>
                <key>id</key>
                <string>4270</string>
                <key>Texture</key>
                <dict>
                    <key>value</key>
                    <string>4167</string>
                </dict>
            </dict>
            <dict>
                <key>id</key>
                <string>4273</string>
                <key>Texture</key>
                <dict>
                    <key>value</key>
                    <string>4167</string>
                </dict>
            </dict>
            <dict>
                <key>id</key>
                <string>4276</string>
                <key>Texture</key>
                <dict>
                    <key>value</key>
                    <string>4167</string>
                </dict>
            </dict>
            <dict>
                <key>id</key>
                <string>4279</string>
                <key>Texture</key>
                <dict>
                    <key>value</key>
                    <string>4167</string>
                </dict>
            </dict>
            <dict>
                <key>id</key>
                <string>4282</string>
                <key>Texture</key>
                <dict>
                    <key>value</key>
                    <string>4167</string>
                </dict>
            </dict>
            <dict>
                <key>id</key>
                <string>4285</string>
                <key>Texture</key>
                <dict>
                    <key>value</key>
                    <string>4167</string>
                </dict>
            </dict>
            <dict>
                <key>id</key>
                <string>4288</string>
                <key>Texture</key>
                <dict>
                    <key>value</key>
                    <string>4167</string>
                </dict>
            </dict>
            <dict>
                <key>id</key>
                <string>4291</string>
                <key>Texture</key>
                <dict>
                    <key>value</key>
                    <string>4167</string>
                </dict>
            </dict>
            <dict>
                <key>id</key>
                <string>4294</string>
                <key>Texture</key>
                <dict>
                    <key>value</key>
                    <string>4167</string>
                </dict>
            </dict>
            <dict>
                <key>id</key>
                <string>4297</string>
                <key>Texture</key>
                <dict>
                    <key>value</key>
                    <string>4167</string>
                </dict>
            </dict>
            <dict>
                <key>id</key>
                <string>4300</string>
                <key>Texture</key>
                <dict>
                    <key>value</key>
                    <string>4167</string>
                </dict>
            </dict>
            <dict>
                <key>id</key>
                <string>4303</string>
                <key>Texture</key>
                <dict>
                    <key>value</key>
                    <string>4167</string>
                </dict>
            </dict>
            <dict>
                <key>id</key>
                <string>4306</string>
                <key>Texture</key>
                <dict>
                    <key>value</key>
                    <string>4167</string>
                </dict>
            </dict>
            <dict>
                <key>id</key>
                <string>4309</string>
                <key>Texture</key>
                <dict>
                    <key>value</key>
                    <string>4167</string>
                </dict>
            </dict>
            <dict>
                <key>id</key>
                <string>4342</string>
                <key>Texture</key>
                <dict>
                    <key>value</key>
                    <string>4167</string>
                </dict>
            </dict>
            <dict>
                <key>id</key>
                <string>4348</string>
                <key>Texture</key>
                <dict>
                    <key>value</key>
                    <string>4167</string>
                </dict>
            </dict>
            <dict>
                <key>id</key>
                <string>4354</string>
                <key>Texture</key>
                <dict>
                    <key>value</key>
                    <string>4167</string>
                </dict>
            </dict>
            <dict>
                <key>id</key>
                <string>4360</string>
                <key>Texture</key>
                <dict>
                    <key>value</key>
                    <string>4167</string>
                </dict>
            </dict>
            <dict>
                <key>id</key>
                <string>4366</string>
                <key>Texture</key>
                <dict>
                    <key>value</key>
                    <string>4167</string>
                </dict>
            </dict>
            <dict>
                <key>id</key>
                <string>4372</string>
                <key>Texture</key>
                <dict>
                    <key>value</key>
                    <string>4167</string>
                </dict>
            </dict>
            <dict>
                <key>id</key>
                <string>4378</string>
                <key>Texture</key>
                <dict>
                    <key>value</key>
                    <string>4167</string>
                </dict>
            </dict>
            <dict>
                <key>id</key>
                <string>4384</string>
                <key>Texture</key>
                <dict>
                    <key>value</key>
                    <string>4167</string>
                </dict>
            </dict>
            <dict>
                <key>id</key>
                <string>4390</string>
                <key>Texture</key>
                <dict>
                    <key>value</key>
                    <string>4167</string>
                </dict>
            </dict>
            <dict>
                <key>id</key>
                <string>4396</string>
                <key>Texture</key>
                <dict>
                    <key>value</key>
                    <string>4167</string>
                </dict>
            </dict>
            <dict>
                <key>id</key>
                <string>4402</string>
                <key>Texture</key>
                <dict>
                    <key>value</key>
                    <string>4167</string>
                </dict>
            </dict>
            <dict>
                <key>id</key>
                <string>4408</string>
                <key>Texture</key>
                <dict>
                    <key>value</key>
                    <string>4167</string>
                </dict>
            </dict>
            <dict>
                <key>id</key>
                <string>4414</string>
                <key>Texture</key>
                <dict>
                    <key>value</key>
                    <string>4167</string>
                </dict>
            </dict>
            <dict>
                <key>id</key>
                <string>4778</string>
                <key>Texture</key>
                <dict>
                    <key>value</key>
                    <string>4167</string>
                </dict>
            </dict>
            <dict>
                <key>id</key>
                <string>4784</string>
                <key>Texture</key>
                <dict>
                    <key>value</key>
                    <string>4167</string>
                </dict>
            </dict>
            <dict>
                <key>id</key>
                <string>4790</string>
                <key>Texture</key>
                <dict>
                    <key>value</key>
                    <string>4167</string>
                </dict>
            </dict>
            <dict>
                <key>id</key>
                <string>4796</string>
                <key>Texture</key>
                <dict>
                    <key>value</key>
                    <string>4167</string>
                </dict>
            </dict>
            <dict>
                <key>id</key>
                <string>4802</string>
                <key>Texture</key>
                <dict>
                    <key>value</key>
                    <string>4167</string>
                </dict>
            </dict>
            <dict>
                <key>id</key>
                <string>4808</string>
                <key>Texture</key>
                <dict>
                    <key>value</key>
                    <string>4167</string>
                </dict>
            </dict>
            <dict>
                <key>id</key>
                <string>4814</string>
                <key>Texture</key>
                <dict>
                    <key>value</key>
                    <string>4167</string>
                </dict>
            </dict>
            <dict>
                <key>id</key>
                <string>4820</string>
                <key>Texture</key>
                <dict>
                    <key>value</key>
                    <string>4167</string>
                </dict>
            </dict>
            <dict>
                <key>id</key>
                <string>4826</string>
                <key>Texture</key>
                <dict>
                    <key>value</key>
                    <string>4167</string>
                </dict>
            </dict>
            <dict>
                <key>id</key>
                <string>4832</string>
                <key>Texture</key>
                <dict>
                    <key>value</key>
                    <string>4167</string>
                </dict>
            </dict>
            <dict>
                <key>id</key>
                <string>4838</string>
                <key>Texture</key>
                <dict>
                    <key>value</key>
                    <string>4167</string>
                </dict>
            </dict>
            <dict>
                <key>id</key>
                <string>4844</string>
                <key>Texture</key>
                <dict>
                    <key>value</key>
                    <string>4167</string>
                </dict>
            </dict>
            <dict>
                <key>id</key>
                <string>4850</string>
                <key>Texture</key>
                <dict>
                    <key>value</key>
                    <string>4167</string>
                </dict>
            </dict>
            <dict>
                <key>id</key>
                <string>4856</string>
                <key>Texture</key>
                <dict>
                    <key>value</key>
                    <string>4167</string>
                </dict>
            </dict>
            <dict>
                <key>id</key>
                <string>5085</string>
                <key>Texture</key>
                <dict>
                    <key>value</key>
                    <string>4167</string>
                </dict>
            </dict>
            <dict>
                <key>id</key>
                <string>5091</string>
                <key>Texture</key>
                <dict>
                    <key>value</key>
                    <string>4167</string>
                </dict>
            </dict>
        </array>
    </dict>
</plist>
