<?xml version="1.0" encoding="UTF-8"?>
<!DOCTYPE plist PUBLIC "-//Apple//DTD PLIST 1.0//EN" "http://www.apple.com/DTDs/PropertyList-1.0.dtd"/>

<plist version="1.0">
    <dict>
        <key>ROOT</key>
        <array>
            <dict>
                <key>id</key>
                <string>103</string>
                <key>children</key>
                <array>
                    <string>217</string>
                    <string>429</string>
                    <string>515</string>
                    <string>605</string>
                    <string>610</string>
                    <string>641</string>
                </array>
                <key>childLinkers</key>
                <array/>
            </dict>
            <dict>
                <key>id</key>
                <string>1395</string>
                <key>children</key>
                <array>
                    <string>1721</string>
                    <string>1723</string>
                    <string>1725</string>
                    <string>1727</string>
                    <string>1729</string>
                    <string>1731</string>
                    <string>1733</string>
                    <string>1735</string>
                    <string>1737</string>
                    <string>1766</string>
                    <string>1893</string>
                    <string>1919</string>
                    <string>2111</string>
                    <string>2113</string>
                    <string>2332</string>
                    <string>2334</string>
                    <string>2336</string>
                    <string>2338</string>
                    <string>2340</string>
                    <string>2342</string>
                    <string>2344</string>
                    <string>2346</string>
                    <string>2348</string>
                    <string>2694</string>
                    <string>6264</string>
                    <string>6266</string>
                    <string>6268</string>
                </array>
                <key>childLinkers</key>
                <array/>
            </dict>
            <dict>
                <key>id</key>
                <string>1407</string>
                <key>children</key>
                <array>
                    <string>1975</string>
                    <string>1986</string>
                    <string>2016</string>
                    <string>2018</string>
                    <string>2020</string>
                    <string>2022</string>
                    <string>2024</string>
                    <string>2026</string>
                    <string>2028</string>
                    <string>2030</string>
                    <string>2032</string>
                    <string>2034</string>
                    <string>2036</string>
                    <string>2360</string>
                    <string>2362</string>
                    <string>2367</string>
                    <string>2369</string>
                    <string>2371</string>
                    <string>2373</string>
                    <string>2375</string>
                    <string>2377</string>
                    <string>2537</string>
                </array>
                <key>childLinkers</key>
                <array/>
            </dict>
            <dict>
                <key>id</key>
                <string>2474</string>
                <key>children</key>
                <array>
                    <string>2485</string>
                    <string>2487</string>
                    <string>2489</string>
                    <string>2491</string>
                    <string>2493</string>
                    <string>2501</string>
                    <string>2517</string>
                    <string>2519</string>
                    <string>2521</string>
                    <string>2527</string>
                    <string>2529</string>
                    <string>2531</string>
                    <string>2534</string>
                    <string>2873</string>
                    <string>2912</string>
                    <string>2916</string>
                    <string>2918</string>
                    <string>3058</string>
                    <string>3081</string>
                    <string>3100</string>
                    <string>3106</string>
                    <string>3108</string>
                    <string>3110</string>
                    <string>3112</string>
                    <string>3114</string>
                    <string>3837</string>
                    <string>6279</string>
                    <string>6281</string>
                    <string>6283</string>
                    <string>6285</string>
                    <string>6287</string>
                    <string>6289</string>
                    <string>6291</string>
                    <string>6307</string>
                    <string>6311</string>
                    <string>6313</string>
                    <string>6315</string>
                    <string>6317</string>
                    <string>6319</string>
                    <string>6321</string>
                    <string>6324</string>
                    <string>6326</string>
                    <string>6328</string>
                    <string>6330</string>
                    <string>6332</string>
                    <string>6334</string>
                    <string>6336</string>
                    <string>6338</string>
                    <string>6341</string>
                    <string>6344</string>
                    <string>6346</string>
                    <string>6348</string>
                    <string>6350</string>
                    <string>6352</string>
                    <string>6354</string>
                    <string>6356</string>
                    <string>6367</string>
                    <string>6369</string>
                    <string>6371</string>
                    <string>6373</string>
                    <string>6375</string>
                </array>
                <key>childLinkers</key>
                <array>
                    <string>8830</string>
                    <string>8831</string>
                    <string>8832</string>
                    <string>8833</string>
                    <string>8834</string>
                    <string>8835</string>
                    <string>8836</string>
                    <string>8837</string>
                    <string>8838</string>
                    <string>8839</string>
                    <string>8840</string>
                    <string>8841</string>
                    <string>8842</string>
                    <string>8843</string>
                    <string>8844</string>
                    <string>8845</string>
                    <string>8846</string>
                    <string>8847</string>
                    <string>8848</string>
                    <string>8849</string>
                    <string>8850</string>
                    <string>8851</string>
                    <string>8852</string>
                    <string>8853</string>
                    <string>8854</string>
                    <string>8855</string>
                    <string>8856</string>
                </array>
            </dict>
            <dict>
                <key>id</key>
                <string>3273</string>
                <key>children</key>
                <array>
                    <string>3276</string>
                    <string>3278</string>
                    <string>3280</string>
                    <string>3282</string>
                    <string>3284</string>
                    <string>3286</string>
                    <string>3288</string>
                    <string>3290</string>
                    <string>3292</string>
                    <string>3294</string>
                    <string>3296</string>
                    <string>3298</string>
                    <string>3300</string>
                    <string>3302</string>
                    <string>3304</string>
                    <string>3306</string>
                    <string>3309</string>
                    <string>3320</string>
                    <string>3322</string>
                    <string>3324</string>
                    <string>3326</string>
                    <string>3390</string>
                    <string>3396</string>
                    <string>3398</string>
                    <string>3454</string>
                    <string>3456</string>
                    <string>3467</string>
                    <string>4030</string>
                    <string>4036</string>
                    <string>4042</string>
                    <string>4048</string>
                    <string>4054</string>
                    <string>4060</string>
                    <string>4066</string>
                    <string>4072</string>
                    <string>4078</string>
                    <string>4084</string>
                    <string>6378</string>
                    <string>6380</string>
                    <string>6382</string>
                    <string>6384</string>
                </array>
                <key>childLinkers</key>
                <array/>
            </dict>
            <dict>
                <key>id</key>
                <string>3651</string>
                <key>children</key>
                <array>
                    <string>3655</string>
                    <string>3657</string>
                    <string>3659</string>
                    <string>3661</string>
                    <string>3663</string>
                    <string>3665</string>
                    <string>3667</string>
                    <string>3669</string>
                    <string>3671</string>
                    <string>3673</string>
                    <string>3675</string>
                    <string>3677</string>
                    <string>3679</string>
                    <string>3681</string>
                    <string>3683</string>
                    <string>3685</string>
                    <string>3687</string>
                    <string>3689</string>
                    <string>3692</string>
                    <string>3703</string>
                    <string>3714</string>
                    <string>6386</string>
                    <string>6389</string>
                    <string>6391</string>
                    <string>6393</string>
                </array>
                <key>childLinkers</key>
                <array>
                    <string>3715</string>
                </array>
            </dict>
            <dict>
                <key>id</key>
                <string>3936</string>
                <key>children</key>
                <array>
                    <string>3938</string>
                    <string>3940</string>
                    <string>3942</string>
                    <string>3944</string>
                    <string>3946</string>
                    <string>3962</string>
                    <string>3964</string>
                    <string>3966</string>
                    <string>3968</string>
                    <string>3970</string>
                    <string>3972</string>
                    <string>4172</string>
                    <string>4565</string>
                    <string>4776</string>
                    <string>4782</string>
                    <string>4788</string>
                    <string>4794</string>
                    <string>4800</string>
                    <string>4806</string>
                    <string>4812</string>
                    <string>4818</string>
                    <string>4824</string>
                    <string>4830</string>
                    <string>4836</string>
                    <string>4842</string>
                    <string>4848</string>
                    <string>4854</string>
                    <string>4878</string>
                    <string>2424</string>
                    <string>4943</string>
                    <string>4947</string>
                    <string>4951</string>
                    <string>4955</string>
                    <string>4959</string>
                    <string>4963</string>
                    <string>5026</string>
                    <string>5083</string>
                    <string>5089</string>
                    <string>6396</string>
                    <string>6398</string>
                    <string>6400</string>
                    <string>6402</string>
                    <string>6404</string>
                    <string>6406</string>
                    <string>6408</string>
                    <string>6410</string>
                    <string>6412</string>
                    <string>6414</string>
                    <string>6416</string>
                    <string>6418</string>
                    <string>6420</string>
                    <string>6422</string>
                    <string>6425</string>
                    <string>6427</string>
                    <string>6429</string>
                    <string>6431</string>
                    <string>6433</string>
                    <string>6435</string>
                </array>
                <key>childLinkers</key>
                <array>
                    <string>5195</string>
                    <string>5196</string>
                    <string>5197</string>
                    <string>5198</string>
                    <string>5199</string>
                    <string>5200</string>
                </array>
            </dict>
            <dict>
                <key>id</key>
                <string>4661</string>
                <key>children</key>
                <array>
                    <string>4663</string>
                    <string>4665</string>
                    <string>4667</string>
                    <string>4669</string>
                    <string>4671</string>
                    <string>4673</string>
                    <string>4675</string>
                    <string>4677</string>
                    <string>4679</string>
                    <string>4681</string>
                    <string>4683</string>
                    <string>4685</string>
                    <string>4687</string>
                    <string>4689</string>
                    <string>4691</string>
                    <string>4693</string>
                    <string>4695</string>
                    <string>4697</string>
                    <string>5247</string>
                    <string>5253</string>
                    <string>9196</string>
                    <string>9236</string>
                </array>
                <key>childLinkers</key>
                <array/>
            </dict>
            <dict>
                <key>id</key>
                <string>5292</string>
                <key>children</key>
                <array>
                    <string>5388</string>
                    <string>5390</string>
                    <string>5392</string>
                    <string>5394</string>
                    <string>5396</string>
                    <string>5398</string>
                    <string>5400</string>
                    <string>5402</string>
                    <string>5404</string>
                    <string>5406</string>
                    <string>5408</string>
                    <string>5410</string>
                    <string>5412</string>
                    <string>5414</string>
                    <string>5416</string>
                    <string>5418</string>
                    <string>5420</string>
                    <string>5422</string>
                    <string>5643</string>
                    <string>5649</string>
                    <string>5673</string>
                    <string>6438</string>
                    <string>6442</string>
                    <string>6446</string>
                </array>
                <key>childLinkers</key>
                <array/>
            </dict>
            <dict>
                <key>id</key>
                <string>5705</string>
                <key>children</key>
                <array>
                    <string>5707</string>
                    <string>5709</string>
                    <string>5711</string>
                    <string>5713</string>
                    <string>5715</string>
                    <string>5717</string>
                    <string>5719</string>
                    <string>5721</string>
                    <string>5723</string>
                    <string>5725</string>
                    <string>5727</string>
                    <string>5729</string>
                    <string>5731</string>
                    <string>5733</string>
                    <string>5735</string>
                    <string>5737</string>
                    <string>5739</string>
                    <string>5741</string>
                    <string>5746</string>
                    <string>5750</string>
                    <string>5754</string>
                    <string>5765</string>
                    <string>5816</string>
                    <string>5837</string>
                </array>
                <key>childLinkers</key>
                <array/>
            </dict>
            <dict>
                <key>id</key>
                <string>5909</string>
                <key>children</key>
                <array>
                    <string>5913</string>
                    <string>6130</string>
                    <string>6132</string>
                    <string>6134</string>
                    <string>6136</string>
                    <string>6138</string>
                    <string>6140</string>
                    <string>6142</string>
                    <string>6144</string>
                    <string>6146</string>
                    <string>6148</string>
                    <string>6150</string>
                    <string>6152</string>
                    <string>6154</string>
                    <string>6156</string>
                    <string>6158</string>
                    <string>6160</string>
                    <string>6162</string>
                    <string>6165</string>
                    <string>6167</string>
                    <string>6169</string>
                    <string>6171</string>
                    <string>6173</string>
                    <string>6175</string>
                    <string>6177</string>
                    <string>6179</string>
                    <string>6181</string>
                    <string>6183</string>
                    <string>6185</string>
                    <string>6187</string>
                </array>
                <key>childLinkers</key>
                <array/>
            </dict>
            <dict>
                <key>id</key>
                <string>6648</string>
                <key>children</key>
                <array>
                    <string>6650</string>
                    <string>6652</string>
                    <string>6654</string>
                    <string>6664</string>
                    <string>6666</string>
                    <string>6668</string>
                    <string>6678</string>
                    <string>6680</string>
                    <string>6682</string>
                    <string>6684</string>
                    <string>6703</string>
                    <string>6714</string>
                    <string>6744</string>
                    <string>6747</string>
                    <string>6749</string>
                    <string>6751</string>
                    <string>6753</string>
                    <string>6755</string>
                    <string>6758</string>
                    <string>6760</string>
                    <string>6762</string>
                    <string>6764</string>
                    <string>6766</string>
                </array>
                <key>childLinkers</key>
                <array>
                    <string>6733</string>
                </array>
            </dict>
            <dict>
                <key>id</key>
                <string>1249</string>
                <key>children</key>
                <array>
                    <string>1251</string>
                </array>
                <key>childLinkers</key>
                <array/>
            </dict>
            <dict>
                <key>id</key>
                <string>6800</string>
                <key>children</key>
                <array>
                    <string>7130</string>
                    <string>7132</string>
                    <string>7134</string>
                    <string>7136</string>
                    <string>7138</string>
                    <string>7140</string>
                    <string>7142</string>
                    <string>7144</string>
                    <string>7146</string>
                    <string>7148</string>
                    <string>7150</string>
                    <string>7152</string>
                    <string>7154</string>
                    <string>7156</string>
                    <string>7158</string>
                    <string>7160</string>
                    <string>7162</string>
                    <string>7164</string>
                    <string>7180</string>
                    <string>7186</string>
                    <string>7198</string>
                    <string>7210</string>
                </array>
                <key>childLinkers</key>
                <array>
                    <string>7212</string>
                </array>
            </dict>
            <dict>
                <key>id</key>
                <string>6803</string>
                <key>children</key>
                <array>
                    <string>6804</string>
                    <string>7331</string>
                    <string>7333</string>
                    <string>7335</string>
                    <string>7337</string>
                    <string>7339</string>
                    <string>7341</string>
                    <string>7343</string>
                    <string>7345</string>
                    <string>7347</string>
                    <string>7349</string>
                    <string>7351</string>
                    <string>7353</string>
                    <string>7355</string>
                    <string>7357</string>
                    <string>7359</string>
                    <string>7361</string>
                    <string>7363</string>
                    <string>7599</string>
                    <string>7602</string>
                    <string>7604</string>
                    <string>7606</string>
                    <string>7608</string>
                    <string>7610</string>
                    <string>7612</string>
                    <string>7614</string>
                    <string>7616</string>
                    <string>7618</string>
                    <string>7620</string>
                    <string>7622</string>
                </array>
                <key>childLinkers</key>
                <array/>
            </dict>
            <dict>
                <key>id</key>
                <string>6805</string>
                <key>children</key>
                <array>
                    <string>6806</string>
                    <string>6808</string>
                    <string>6810</string>
                    <string>6812</string>
                    <string>6814</string>
                    <string>6816</string>
                    <string>6818</string>
                    <string>6820</string>
                    <string>6822</string>
                    <string>6824</string>
                    <string>6826</string>
                    <string>6828</string>
                    <string>6830</string>
                    <string>6832</string>
                    <string>6834</string>
                    <string>6836</string>
                    <string>6838</string>
                    <string>6849</string>
                    <string>6851</string>
                    <string>6853</string>
                    <string>6855</string>
                    <string>6863</string>
                    <string>6865</string>
                    <string>6867</string>
                    <string>6869</string>
                    <string>6871</string>
                    <string>6873</string>
                    <string>6882</string>
                    <string>6884</string>
                    <string>6886</string>
                    <string>6890</string>
                    <string>6892</string>
                    <string>6894</string>
                    <string>6906</string>
                    <string>6908</string>
                    <string>6919</string>
                    <string>6921</string>
                    <string>6923</string>
                    <string>6925</string>
                    <string>6927</string>
                    <string>6929</string>
                    <string>6938</string>
                    <string>6940</string>
                    <string>6942</string>
                    <string>6944</string>
                    <string>6946</string>
                    <string>6948</string>
                    <string>6950</string>
                    <string>6952</string>
                    <string>6954</string>
                    <string>6956</string>
                    <string>6958</string>
                    <string>6971</string>
                    <string>7097</string>
                    <string>7099</string>
                    <string>7101</string>
                    <string>7103</string>
                    <string>7106</string>
                    <string>7108</string>
                    <string>7110</string>
                    <string>7112</string>
                    <string>7114</string>
                    <string>7116</string>
                    <string>7319</string>
                </array>
                <key>childLinkers</key>
                <array>
                    <string>6897</string>
                    <string>6898</string>
                    <string>6899</string>
                    <string>6900</string>
                    <string>6901</string>
                    <string>6902</string>
                    <string>6903</string>
                    <string>7029</string>
                    <string>7030</string>
                    <string>7031</string>
                    <string>7033</string>
                    <string>7034</string>
                    <string>7035</string>
                    <string>7036</string>
                    <string>8213</string>
                    <string>8214</string>
                    <string>8215</string>
                    <string>8216</string>
                    <string>8217</string>
                    <string>8218</string>
                    <string>8219</string>
                    <string>8220</string>
                    <string>8221</string>
                    <string>8222</string>
                    <string>8223</string>
                    <string>8224</string>
                    <string>8225</string>
                    <string>8226</string>
                    <string>8227</string>
                </array>
            </dict>
            <dict>
                <key>id</key>
                <string>7698</string>
                <key>children</key>
                <array>
                    <string>7700</string>
                    <string>7702</string>
                    <string>7704</string>
                    <string>7706</string>
                    <string>7708</string>
                    <string>7710</string>
                    <string>7712</string>
                    <string>7714</string>
                    <string>7716</string>
                    <string>7718</string>
                    <string>7720</string>
                    <string>7722</string>
                    <string>7724</string>
                    <string>7726</string>
                    <string>7728</string>
                    <string>7730</string>
                    <string>7732</string>
                    <string>7734</string>
                    <string>7745</string>
                    <string>7753</string>
                    <string>7755</string>
                    <string>7766</string>
                </array>
                <key>childLinkers</key>
                <array/>
            </dict>
            <dict>
                <key>id</key>
                <string>1639</string>
                <key>children</key>
                <array>
                    <string>1644</string>
                </array>
                <key>childLinkers</key>
                <array/>
            </dict>
            <dict>
                <key>id</key>
                <string>7788</string>
                <key>children</key>
                <array>
                    <string>7844</string>
                    <string>7846</string>
                    <string>7848</string>
                    <string>7850</string>
                    <string>7852</string>
                    <string>7854</string>
                    <string>7856</string>
                    <string>7858</string>
                    <string>7860</string>
                    <string>7862</string>
                    <string>7864</string>
                    <string>7866</string>
                    <string>7868</string>
                    <string>7870</string>
                    <string>7872</string>
                    <string>7874</string>
                    <string>7876</string>
                    <string>7878</string>
                    <string>7889</string>
                </array>
                <key>childLinkers</key>
                <array/>
            </dict>
            <dict>
                <key>id</key>
                <string>8033</string>
                <key>children</key>
                <array>
                    <string>8037</string>
                    <string>8039</string>
                    <string>8041</string>
                    <string>8043</string>
                    <string>8045</string>
                    <string>8047</string>
                    <string>8049</string>
                    <string>8051</string>
                    <string>8053</string>
                    <string>8055</string>
                    <string>8057</string>
                    <string>8059</string>
                    <string>8061</string>
                    <string>8063</string>
                    <string>8065</string>
                    <string>8067</string>
                    <string>8069</string>
                    <string>8071</string>
                    <string>8082</string>
                    <string>8093</string>
                    <string>8104</string>
                </array>
                <key>childLinkers</key>
                <array/>
            </dict>
            <dict>
                <key>id</key>
                <string>1646</string>
                <key>children</key>
                <array/>
                <key>childLinkers</key>
                <array/>
            </dict>
            <dict>
                <key>id</key>
                <string>104</string>
                <key>children</key>
                <array>
                    <string>394</string>
                    <string>426</string>
                    <string>463</string>
                    <string>475</string>
                    <string>484</string>
                    <string>499</string>
                    <string>582</string>
                    <string>594</string>
                    <string>596</string>
                    <string>755</string>
                    <string>935</string>
                    <string>951</string>
                </array>
                <key>childLinkers</key>
                <array/>
            </dict>
            <dict>
                <key>id</key>
                <string>938</string>
                <key>children</key>
                <array>
                    <string>1113</string>
                </array>
                <key>childLinkers</key>
                <array/>
            </dict>
            <dict>
                <key>id</key>
                <string>939</string>
                <key>children</key>
                <array>
                    <string>1017</string>
                    <string>1035</string>
                    <string>1047</string>
                    <string>1133</string>
                    <string>1154</string>
                </array>
                <key>childLinkers</key>
                <array/>
            </dict>
        </array>
    </dict>
</plist>
