<?xml version="1.0" encoding="UTF-8"?>
<!DOCTYPE plist PUBLIC "-//Apple//DTD PLIST 1.0//EN" "http://www.apple.com/DTDs/PropertyList-1.0.dtd"/>

<plist version="1.0">
    <dict>
        <key>ROOT</key>
        <array>
            <dict>
                <key>id</key>
                <string>1563</string>
                <key>className</key>
                <string>PTModelObjectBackground</string>
                <key>Name</key>
                <dict>
                    <key>value</key>
                    <string>Background</string>
                </dict>
                <key>Position</key>
                <dict>
                    <key>value</key>
                    <string>{0.100,315.536}</string>
                    <key>animationsX</key>
                    <array/>
                    <key>animationsY</key>
                    <array/>
                </dict>
                <key>Rotation</key>
                <dict>
                    <key>animations</key>
                    <array/>
                </dict>
                <key>Scale</key>
                <dict>
                    <key>value</key>
                    <string>{4.581,4.491}</string>
                    <key>animationsX</key>
                    <array/>
                    <key>animationsY</key>
                    <array/>
                </dict>
                <key>Hidden</key>
                <dict>
                    <key>visible</key>
                    <string>0</string>
                </dict>
                <key>Locked</key>
                <dict>
                    <key>visible</key>
                    <string>0</string>
                    <key>value</key>
                    <string>1</string>
                </dict>
                <key>Opacity</key>
                <dict>
                    <key>animations</key>
                    <array/>
                </dict>
                <key>Tiling Offset</key>
                <dict>
                    <key>value</key>
                    <string>-2.000000</string>
                </dict>
                <key>zDepth</key>
                <string>-100</string>
            </dict>
            <dict>
                <key>id</key>
                <string>1564</string>
                <key>className</key>
                <string>PTModelObjectBackground</string>
                <key>Name</key>
                <dict>
                    <key>value</key>
                    <string>DarkClouds</string>
                </dict>
                <key>Position</key>
                <dict>
                    <key>value</key>
                    <string>{0.100,334.246}</string>
                    <key>animationsX</key>
                    <array/>
                    <key>animationsY</key>
                    <array/>
                </dict>
                <key>Rotation</key>
                <dict>
                    <key>animations</key>
                    <array/>
                </dict>
                <key>Scale</key>
                <dict>
                    <key>value</key>
                    <string>{1.200,1.200}</string>
                    <key>animationsX</key>
                    <array/>
                    <key>animationsY</key>
                    <array/>
                </dict>
                <key>Hidden</key>
                <dict>
                    <key>visible</key>
                    <string>0</string>
                </dict>
                <key>Locked</key>
                <dict>
                    <key>visible</key>
                    <string>0</string>
                    <key>value</key>
                    <string>1</string>
                </dict>
                <key>Opacity</key>
                <dict>
                    <key>value</key>
                    <string>0.500000</string>
                    <key>animations</key>
                    <array/>
                </dict>
                <key>Speed</key>
                <dict>
                    <key>value</key>
                    <string>0.200000</string>
                </dict>
                <key>zDepth</key>
                <string>-97</string>
            </dict>
            <dict>
                <key>id</key>
                <string>1637</string>
                <key>className</key>
                <string>PTModelObjectBackground</string>
                <key>Name</key>
                <dict>
                    <key>value</key>
                    <string>Background</string>
                </dict>
                <key>Position</key>
                <dict>
                    <key>value</key>
                    <string>{0.100,315.536}</string>
                </dict>
                <key>Scale</key>
                <dict>
                    <key>value</key>
                    <string>{4.581,4.491}</string>
                </dict>
                <key>Hidden</key>
                <dict>
                    <key>visible</key>
                    <string>0</string>
                </dict>
                <key>Locked</key>
                <dict>
                    <key>visible</key>
                    <string>0</string>
                    <key>value</key>
                    <string>1</string>
                </dict>
                <key>Tiling Offset</key>
                <dict>
                    <key>value</key>
                    <string>-2.000000</string>
                </dict>
                <key>zDepth</key>
                <string>-95</string>
            </dict>
            <dict>
                <key>id</key>
                <string>1638</string>
                <key>className</key>
                <string>PTModelObjectBackground</string>
                <key>Name</key>
                <dict>
                    <key>value</key>
                    <string>DarkClouds</string>
                </dict>
                <key>Position</key>
                <dict>
                    <key>value</key>
                    <string>{0.100,334.246}</string>
                </dict>
                <key>Scale</key>
                <dict>
                    <key>value</key>
                    <string>{1.200,1.200}</string>
                </dict>
                <key>Hidden</key>
                <dict>
                    <key>visible</key>
                    <string>0</string>
                </dict>
                <key>Locked</key>
                <dict>
                    <key>visible</key>
                    <string>0</string>
                    <key>value</key>
                    <string>1</string>
                </dict>
                <key>Opacity</key>
                <dict>
                    <key>value</key>
                    <string>0.500000</string>
                </dict>
                <key>Speed</key>
                <dict>
                    <key>value</key>
                    <string>0.200000</string>
                </dict>
                <key>zDepth</key>
                <string>-94</string>
            </dict>
            <dict>
                <key>id</key>
                <string>2424</string>
                <key>className</key>
                <string>PTModelObjectBackground</string>
                <key>Name</key>
                <dict>
                    <key>value</key>
                    <string>BG</string>
                </dict>
                <key>Position</key>
                <dict>
                    <key>value</key>
                    <string>{1676.533,304.394}</string>
                    <key>animationsX</key>
                    <array/>
                    <key>animationsY</key>
                    <array/>
                </dict>
                <key>Rotation</key>
                <dict>
                    <key>animations</key>
                    <array/>
                </dict>
                <key>Scale</key>
                <dict>
                    <key>value</key>
                    <string>{1.711,0.678}</string>
                    <key>animationsX</key>
                    <array/>
                    <key>animationsY</key>
                    <array/>
                </dict>
                <key>Hidden</key>
                <dict>
                    <key>visible</key>
                    <string>0</string>
                </dict>
                <key>Locked</key>
                <dict>
                    <key>visible</key>
                    <string>0</string>
                    <key>value</key>
                    <string>1</string>
                </dict>
                <key>Opacity</key>
                <dict>
                    <key>animations</key>
                    <array/>
                </dict>
                <key>zDepth</key>
                <string>-99</string>
            </dict>
            <dict>
                <key>id</key>
                <string>5223</string>
                <key>className</key>
                <string>PTModelObjectBackground</string>
                <key>Name</key>
                <dict>
                    <key>value</key>
                    <string>BG 2</string>
                </dict>
                <key>Position</key>
                <dict>
                    <key>value</key>
                    <string>{1535.933,331.584}</string>
                    <key>animationsX</key>
                    <array/>
                    <key>animationsY</key>
                    <array/>
                </dict>
                <key>Rotation</key>
                <dict>
                    <key>animations</key>
                    <array/>
                </dict>
                <key>Scale</key>
                <dict>
                    <key>value</key>
                    <string>{1.000,1.000}</string>
                    <key>animationsX</key>
                    <array/>
                    <key>animationsY</key>
                    <array/>
                </dict>
                <key>Hidden</key>
                <dict>
                    <key>visible</key>
                    <string>0</string>
                </dict>
                <key>Locked</key>
                <dict>
                    <key>visible</key>
                    <string>0</string>
                </dict>
                <key>Opacity</key>
                <dict>
                    <key>animations</key>
                    <array/>
                </dict>
                <key>Speed</key>
                <dict>
                    <key>animations</key>
                    <array/>
                </dict>
                <key>Tiling Offset</key>
                <dict>
                    <key>animations</key>
                    <array/>
                </dict>
                <key>zDepth</key>
                <string>-98</string>
            </dict>
        </array>
    </dict>
</plist>
