<?xml version="1.0" encoding="UTF-8"?>
<!DOCTYPE plist PUBLIC "-//Apple//DTD PLIST 1.0//EN" "http://www.apple.com/DTDs/PropertyList-1.0.dtd"/>

<plist version="1.0">
    <dict>
        <key>ROOT</key>
        <array>
            <dict>
                <key>id</key>
                <string>5754</string>
                <key>className</key>
                <string>PTModelObjectAssetPath</string>
                <key>Name</key>
                <dict>
                    <key>value</key>
                    <string>Path</string>
                </dict>
                <key>Position</key>
                <dict>
                    <key>value</key>
                    <string>{604.413,541.354}</string>
                    <key>animationsX</key>
                    <array/>
                    <key>animationsY</key>
                    <array/>
                </dict>
                <key>Rotation</key>
                <dict>
                    <key>animations</key>
                    <array/>
                </dict>
                <key>Scale</key>
                <dict>
                    <key>value</key>
                    <string>{1.000,1.000}</string>
                    <key>animationsX</key>
                    <array/>
                    <key>animationsY</key>
                    <array/>
                </dict>
                <key>Hidden</key>
                <dict>
                    <key>visible</key>
                    <string>0</string>
                </dict>
                <key>Locked</key>
                <dict>
                    <key>visible</key>
                    <string>0</string>
                </dict>
                <key>Opacity</key>
                <dict>
                    <key>animations</key>
                    <array/>
                </dict>
                <key>Play Mode</key>
                <dict>
                    <key>selectedStringValue</key>
                    <string>kPlayModeLoop</string>
                </dict>
                <key>Affected Asset</key>
                <dict>
                    <key>selectedStringValue</key>
                    <string>kAssets</string>
                </dict>
                <key>zDepth</key>
                <string>503</string>
                <key>points</key>
                <array>
                    <string>{-4.647,-319.088}</string>
                    <string>{-4.647,-50.957}</string>
                    <string>{-4.647,-0.957}</string>
                </array>
            </dict>
        </array>
    </dict>
</plist>
