<?xml version="1.0" encoding="UTF-8"?>
<!DOCTYPE plist PUBLIC "-//Apple//DTD PLIST 1.0//EN" "http://www.apple.com/DTDs/PropertyList-1.0.dtd"/>

<plist version="1.0">
    <dict>
        <key>ROOT</key>
        <array>
            <dict>
                <key>id</key>
                <string>3715</string>
                <key>objectA</key>
                <string>3703</string>
                <key>objectB</key>
                <string>3714</string>
            </dict>
            <dict>
                <key>id</key>
                <string>5195</string>
                <key>objectA</key>
                <string>4943</string>
                <key>objectB</key>
                <string>4947</string>
            </dict>
            <dict>
                <key>id</key>
                <string>5196</string>
                <key>objectA</key>
                <string>4947</string>
                <key>objectB</key>
                <string>4951</string>
            </dict>
            <dict>
                <key>id</key>
                <string>5197</string>
                <key>objectA</key>
                <string>4951</string>
                <key>objectB</key>
                <string>4955</string>
            </dict>
            <dict>
                <key>id</key>
                <string>5198</string>
                <key>objectA</key>
                <string>4955</string>
                <key>objectB</key>
                <string>4959</string>
            </dict>
            <dict>
                <key>id</key>
                <string>5199</string>
                <key>objectA</key>
                <string>4959</string>
                <key>objectB</key>
                <string>4963</string>
            </dict>
            <dict>
                <key>id</key>
                <string>5200</string>
                <key>objectA</key>
                <string>5026</string>
                <key>objectB</key>
                <string>4963</string>
            </dict>
            <dict>
                <key>id</key>
                <string>6733</string>
                <key>objectA</key>
                <string>6703</string>
                <key>objectB</key>
                <string>6714</string>
            </dict>
            <dict>
                <key>id</key>
                <string>6897</string>
                <key>objectA</key>
                <string>6863</string>
                <key>objectB</key>
                <string>6865</string>
            </dict>
            <dict>
                <key>id</key>
                <string>6898</string>
                <key>objectA</key>
                <string>6865</string>
                <key>objectB</key>
                <string>6867</string>
            </dict>
            <dict>
                <key>id</key>
                <string>6899</string>
                <key>objectA</key>
                <string>6867</string>
                <key>objectB</key>
                <string>6869</string>
            </dict>
            <dict>
                <key>id</key>
                <string>6900</string>
                <key>objectA</key>
                <string>6869</string>
                <key>objectB</key>
                <string>6871</string>
            </dict>
            <dict>
                <key>id</key>
                <string>6901</string>
                <key>objectA</key>
                <string>6871</string>
                <key>objectB</key>
                <string>6873</string>
            </dict>
            <dict>
                <key>id</key>
                <string>6902</string>
                <key>objectA</key>
                <string>6890</string>
                <key>objectB</key>
                <string>6892</string>
            </dict>
            <dict>
                <key>id</key>
                <string>6903</string>
                <key>objectA</key>
                <string>6892</string>
                <key>objectB</key>
                <string>6894</string>
            </dict>
            <dict>
                <key>id</key>
                <string>7029</string>
                <key>objectA</key>
                <string>6849</string>
                <key>objectB</key>
                <string>6851</string>
            </dict>
            <dict>
                <key>id</key>
                <string>7030</string>
                <key>objectA</key>
                <string>6851</string>
                <key>objectB</key>
                <string>6853</string>
            </dict>
            <dict>
                <key>id</key>
                <string>7031</string>
                <key>objectA</key>
                <string>6853</string>
                <key>objectB</key>
                <string>6855</string>
            </dict>
            <dict>
                <key>id</key>
                <string>7033</string>
                <key>objectA</key>
                <string>6882</string>
                <key>objectB</key>
                <string>6884</string>
            </dict>
            <dict>
                <key>id</key>
                <string>7034</string>
                <key>objectA</key>
                <string>6884</string>
                <key>objectB</key>
                <string>6886</string>
            </dict>
            <dict>
                <key>id</key>
                <string>7035</string>
                <key>objectA</key>
                <string>6886</string>
                <key>objectB</key>
                <string>6906</string>
            </dict>
            <dict>
                <key>id</key>
                <string>7036</string>
                <key>objectA</key>
                <string>6906</string>
                <key>objectB</key>
                <string>6908</string>
            </dict>
            <dict>
                <key>id</key>
                <string>7212</string>
                <key>objectA</key>
                <string>7210</string>
                <key>objectB</key>
                <string>7198</string>
            </dict>
            <dict>
                <key>id</key>
                <string>8213</string>
                <key>objectA</key>
                <string>6938</string>
                <key>objectB</key>
                <string>6940</string>
            </dict>
            <dict>
                <key>id</key>
                <string>8214</string>
                <key>objectA</key>
                <string>6940</string>
                <key>objectB</key>
                <string>6942</string>
            </dict>
            <dict>
                <key>id</key>
                <string>8215</string>
                <key>objectA</key>
                <string>6942</string>
                <key>objectB</key>
                <string>6944</string>
            </dict>
            <dict>
                <key>id</key>
                <string>8216</string>
                <key>objectA</key>
                <string>6944</string>
                <key>objectB</key>
                <string>6946</string>
            </dict>
            <dict>
                <key>id</key>
                <string>8217</string>
                <key>objectA</key>
                <string>6946</string>
                <key>objectB</key>
                <string>6948</string>
            </dict>
            <dict>
                <key>id</key>
                <string>8218</string>
                <key>objectA</key>
                <string>6948</string>
                <key>objectB</key>
                <string>6950</string>
            </dict>
            <dict>
                <key>id</key>
                <string>8219</string>
                <key>objectA</key>
                <string>6950</string>
                <key>objectB</key>
                <string>6952</string>
            </dict>
            <dict>
                <key>id</key>
                <string>8220</string>
                <key>objectA</key>
                <string>6952</string>
                <key>objectB</key>
                <string>6954</string>
            </dict>
            <dict>
                <key>id</key>
                <string>8221</string>
                <key>objectA</key>
                <string>6919</string>
                <key>objectB</key>
                <string>6921</string>
            </dict>
            <dict>
                <key>id</key>
                <string>8222</string>
                <key>objectA</key>
                <string>6921</string>
                <key>objectB</key>
                <string>6923</string>
            </dict>
            <dict>
                <key>id</key>
                <string>8223</string>
                <key>objectA</key>
                <string>6923</string>
                <key>objectB</key>
                <string>6925</string>
            </dict>
            <dict>
                <key>id</key>
                <string>8224</string>
                <key>objectA</key>
                <string>6925</string>
                <key>objectB</key>
                <string>6927</string>
            </dict>
            <dict>
                <key>id</key>
                <string>8225</string>
                <key>objectA</key>
                <string>6927</string>
                <key>objectB</key>
                <string>6929</string>
            </dict>
            <dict>
                <key>id</key>
                <string>8226</string>
                <key>objectA</key>
                <string>6929</string>
                <key>objectB</key>
                <string>6956</string>
            </dict>
            <dict>
                <key>id</key>
                <string>8227</string>
                <key>objectA</key>
                <string>6956</string>
                <key>objectB</key>
                <string>6958</string>
            </dict>
            <dict>
                <key>id</key>
                <string>8830</string>
                <key>objectA</key>
                <string>6279</string>
                <key>objectB</key>
                <string>6281</string>
            </dict>
            <dict>
                <key>id</key>
                <string>8831</string>
                <key>objectA</key>
                <string>6281</string>
                <key>objectB</key>
                <string>6283</string>
            </dict>
            <dict>
                <key>id</key>
                <string>8832</string>
                <key>objectA</key>
                <string>6283</string>
                <key>objectB</key>
                <string>6285</string>
            </dict>
            <dict>
                <key>id</key>
                <string>8833</string>
                <key>objectA</key>
                <string>6285</string>
                <key>objectB</key>
                <string>6287</string>
            </dict>
            <dict>
                <key>id</key>
                <string>8834</string>
                <key>objectA</key>
                <string>6287</string>
                <key>objectB</key>
                <string>6289</string>
            </dict>
            <dict>
                <key>id</key>
                <string>8835</string>
                <key>objectA</key>
                <string>6289</string>
                <key>objectB</key>
                <string>6291</string>
            </dict>
            <dict>
                <key>id</key>
                <string>8836</string>
                <key>objectA</key>
                <string>6328</string>
                <key>objectB</key>
                <string>6326</string>
            </dict>
            <dict>
                <key>id</key>
                <string>8837</string>
                <key>objectA</key>
                <string>6326</string>
                <key>objectB</key>
                <string>6324</string>
            </dict>
            <dict>
                <key>id</key>
                <string>8838</string>
                <key>objectA</key>
                <string>6324</string>
                <key>objectB</key>
                <string>6330</string>
            </dict>
            <dict>
                <key>id</key>
                <string>8839</string>
                <key>objectA</key>
                <string>6330</string>
                <key>objectB</key>
                <string>6332</string>
            </dict>
            <dict>
                <key>id</key>
                <string>8840</string>
                <key>objectA</key>
                <string>6332</string>
                <key>objectB</key>
                <string>6334</string>
            </dict>
            <dict>
                <key>id</key>
                <string>8841</string>
                <key>objectA</key>
                <string>6334</string>
                <key>objectB</key>
                <string>6336</string>
            </dict>
            <dict>
                <key>id</key>
                <string>8842</string>
                <key>objectA</key>
                <string>6336</string>
                <key>objectB</key>
                <string>6338</string>
            </dict>
            <dict>
                <key>id</key>
                <string>8843</string>
                <key>objectA</key>
                <string>6313</string>
                <key>objectB</key>
                <string>6307</string>
            </dict>
            <dict>
                <key>id</key>
                <string>8844</string>
                <key>objectA</key>
                <string>6313</string>
                <key>objectB</key>
                <string>6311</string>
            </dict>
            <dict>
                <key>id</key>
                <string>8845</string>
                <key>objectA</key>
                <string>6313</string>
                <key>objectB</key>
                <string>6315</string>
            </dict>
            <dict>
                <key>id</key>
                <string>8846</string>
                <key>objectA</key>
                <string>6315</string>
                <key>objectB</key>
                <string>6317</string>
            </dict>
            <dict>
                <key>id</key>
                <string>8847</string>
                <key>objectA</key>
                <string>6317</string>
                <key>objectB</key>
                <string>6319</string>
            </dict>
            <dict>
                <key>id</key>
                <string>8848</string>
                <key>objectA</key>
                <string>6317</string>
                <key>objectB</key>
                <string>6371</string>
            </dict>
            <dict>
                <key>id</key>
                <string>8849</string>
                <key>objectA</key>
                <string>6371</string>
                <key>objectB</key>
                <string>6373</string>
            </dict>
            <dict>
                <key>id</key>
                <string>8850</string>
                <key>objectA</key>
                <string>6373</string>
                <key>objectB</key>
                <string>6375</string>
            </dict>
            <dict>
                <key>id</key>
                <string>8851</string>
                <key>objectA</key>
                <string>6319</string>
                <key>objectB</key>
                <string>6321</string>
            </dict>
            <dict>
                <key>id</key>
                <string>8852</string>
                <key>objectA</key>
                <string>6315</string>
                <key>objectB</key>
                <string>6344</string>
            </dict>
            <dict>
                <key>id</key>
                <string>8853</string>
                <key>objectA</key>
                <string>6344</string>
                <key>objectB</key>
                <string>6367</string>
            </dict>
            <dict>
                <key>id</key>
                <string>8854</string>
                <key>objectA</key>
                <string>6367</string>
                <key>objectB</key>
                <string>6369</string>
            </dict>
            <dict>
                <key>id</key>
                <string>8855</string>
                <key>objectA</key>
                <string>6279</string>
                <key>objectB</key>
                <string>6328</string>
            </dict>
            <dict>
                <key>id</key>
                <string>8856</string>
                <key>objectA</key>
                <string>6338</string>
                <key>objectB</key>
                <string>6291</string>
            </dict>
        </array>
    </dict>
</plist>
