<?xml version="1.0" encoding="UTF-8"?>
<!DOCTYPE plist PUBLIC "-//Apple//DTD PLIST 1.0//EN" "http://www.apple.com/DTDs/PropertyList-1.0.dtd"/>

<plist version="1.0">
    <dict>
        <key>ROOT</key>
        <array>
            <dict>
                <key>id</key>
                <string>98</string>
                <key>children</key>
                <array>
                    <string>8896</string>
                    <string>6454</string>
                    <string>6451</string>
                    <string>2049</string>
                    <string>2051</string>
                    <string>2053</string>
                    <string>2098</string>
                    <string>2100</string>
                    <string>2109</string>
                    <string>2462</string>
                    <string>2464</string>
                </array>
            </dict>
            <dict>
                <key>id</key>
                <string>100</string>
                <key>Music</key>
                <dict>
                    <key>value</key>
                    <string>7424</string>
                </dict>
                <key>children</key>
                <array>
                    <string>1388</string>
                    <string>1390</string>
                    <string>1392</string>
                    <string>1568</string>
                    <string>1623</string>
                    <string>6079</string>
                    <string>6101</string>
                    <string>6563</string>
                    <string>7002</string>
                    <string>7543</string>
                    <string>7545</string>
                </array>
            </dict>
            <dict>
                <key>id</key>
                <string>1570</string>
                <key>children</key>
                <array>
                    <string>1571</string>
                    <string>1574</string>
                </array>
            </dict>
            <dict>
                <key>id</key>
                <string>1578</string>
                <key>children</key>
                <array>
                    <string>1579</string>
                    <string>1582</string>
                    <string>1592</string>
                    <string>1599</string>
                    <string>1583</string>
                </array>
            </dict>
            <dict>
                <key>id</key>
                <string>1585</string>
                <key>children</key>
                <array>
                    <string>1586</string>
                    <string>1587</string>
                </array>
            </dict>
            <dict>
                <key>id</key>
                <string>1594</string>
                <key>children</key>
                <array>
                    <string>1595</string>
                    <string>1596</string>
                </array>
            </dict>
            <dict>
                <key>id</key>
                <string>1601</string>
                <key>children</key>
                <array>
                    <string>1602</string>
                    <string>1605</string>
                    <string>1661</string>
                    <string>1664</string>
                    <string>1665</string>
                    <string>7368</string>
                </array>
            </dict>
            <dict>
                <key>id</key>
                <string>1607</string>
                <key>children</key>
                <array>
                    <string>1608</string>
                    <string>1611</string>
                    <string>1614</string>
                    <string>1617</string>
                    <string>1620</string>
                </array>
            </dict>
            <dict>
                <key>id</key>
                <string>1622</string>
                <key>children</key>
                <array>
                    <string>1624</string>
                    <string>1630</string>
                    <string>1631</string>
                    <string>1632</string>
                    <string>2449</string>
                    <string>8891</string>
                </array>
            </dict>
            <dict>
                <key>id</key>
                <string>1656</string>
                <key>children</key>
                <array>
                    <string>1657</string>
                    <string>1658</string>
                </array>
            </dict>
        </array>
    </dict>
</plist>
