<?xml version="1.0" encoding="UTF-8"?>
<!DOCTYPE plist PUBLIC "-//Apple//DTD PLIST 1.0//EN" "http://www.apple.com/DTDs/PropertyList-1.0.dtd"/>

<plist version="1.0">
    <dict>
        <key>ROOT</key>
        <array>
            <dict>
                <key>id</key>
                <string>1472</string>
            </dict>
            <dict>
                <key>id</key>
                <string>7117</string>
                <key>Taking Damage Anim.</key>
                <dict>
                    <key>value</key>
                    <string>7122</string>
                </dict>
            </dict>
        </array>
    </dict>
</plist>
