<?xml version="1.0" encoding="UTF-8"?>
<!DOCTYPE plist PUBLIC "-//Apple//DTD PLIST 1.0//EN" "http://www.apple.com/DTDs/PropertyList-1.0.dtd"/>

<plist version="1.0">
    <dict>
        <key>ROOT</key>
        <array>
            <dict>
                <key>id</key>
                <string>217</string>
                <key>Emitters</key>
                <dict>
                    <key>emitters</key>
                    <array>
                        <string>221</string>
                    </array>
                </dict>
            </dict>
            <dict>
                <key>id</key>
                <string>231</string>
                <key>Emitters</key>
                <dict>
                    <key>emitters</key>
                    <array>
                        <string>233</string>
                    </array>
                </dict>
            </dict>
            <dict>
                <key>id</key>
                <string>584</string>
                <key>Emitters</key>
                <dict>
                    <key>emitters</key>
                    <array>
                        <string>586</string>
                    </array>
                </dict>
            </dict>
            <dict>
                <key>id</key>
                <string>945</string>
                <key>Emitters</key>
                <dict>
                    <key>emitters</key>
                    <array>
                        <string>947</string>
                    </array>
                </dict>
            </dict>
            <dict>
                <key>id</key>
                <string>951</string>
                <key>Emitters</key>
                <dict>
                    <key>emitters</key>
                    <array>
                        <string>953</string>
                        <string>956</string>
                    </array>
                </dict>
            </dict>
            <dict>
                <key>id</key>
                <string>984</string>
                <key>Emitters</key>
                <dict>
                    <key>emitters</key>
                    <array>
                        <string>990</string>
                    </array>
                </dict>
            </dict>
            <dict>
                <key>id</key>
                <string>1047</string>
                <key>Emitters</key>
                <dict>
                    <key>emitters</key>
                    <array>
                        <string>1049</string>
                    </array>
                </dict>
            </dict>
            <dict>
                <key>id</key>
                <string>1251</string>
                <key>Emitters</key>
                <dict>
                    <key>emitters</key>
                    <array>
                        <string>1253</string>
                    </array>
                </dict>
            </dict>
            <dict>
                <key>id</key>
                <string>1317</string>
                <key>Emitters</key>
                <dict>
                    <key>emitters</key>
                    <array>
                        <string>1319</string>
                        <string>1320</string>
                    </array>
                </dict>
            </dict>
            <dict>
                <key>id</key>
                <string>4030</string>
                <key>Emitters</key>
                <dict>
                    <key>emitters</key>
                    <array>
                        <string>4032</string>
                    </array>
                </dict>
            </dict>
            <dict>
                <key>id</key>
                <string>4036</string>
                <key>Emitters</key>
                <dict>
                    <key>emitters</key>
                    <array>
                        <string>4038</string>
                    </array>
                </dict>
            </dict>
            <dict>
                <key>id</key>
                <string>4042</string>
                <key>Emitters</key>
                <dict>
                    <key>emitters</key>
                    <array>
                        <string>4044</string>
                    </array>
                </dict>
            </dict>
            <dict>
                <key>id</key>
                <string>4048</string>
                <key>Emitters</key>
                <dict>
                    <key>emitters</key>
                    <array>
                        <string>4050</string>
                    </array>
                </dict>
            </dict>
            <dict>
                <key>id</key>
                <string>4054</string>
                <key>Emitters</key>
                <dict>
                    <key>emitters</key>
                    <array>
                        <string>4056</string>
                    </array>
                </dict>
            </dict>
            <dict>
                <key>id</key>
                <string>4060</string>
                <key>Emitters</key>
                <dict>
                    <key>emitters</key>
                    <array>
                        <string>4062</string>
                    </array>
                </dict>
            </dict>
            <dict>
                <key>id</key>
                <string>4066</string>
                <key>Emitters</key>
                <dict>
                    <key>emitters</key>
                    <array>
                        <string>4068</string>
                    </array>
                </dict>
            </dict>
            <dict>
                <key>id</key>
                <string>4072</string>
                <key>Emitters</key>
                <dict>
                    <key>emitters</key>
                    <array>
                        <string>4074</string>
                    </array>
                </dict>
            </dict>
            <dict>
                <key>id</key>
                <string>4078</string>
                <key>Emitters</key>
                <dict>
                    <key>emitters</key>
                    <array>
                        <string>4080</string>
                    </array>
                </dict>
            </dict>
            <dict>
                <key>id</key>
                <string>4084</string>
                <key>Emitters</key>
                <dict>
                    <key>emitters</key>
                    <array>
                        <string>4086</string>
                    </array>
                </dict>
            </dict>
            <dict>
                <key>id</key>
                <string>4172</string>
                <key>Emitters</key>
                <dict>
                    <key>emitters</key>
                    <array>
                        <string>4174</string>
                    </array>
                </dict>
            </dict>
            <dict>
                <key>id</key>
                <string>4776</string>
                <key>Emitters</key>
                <dict>
                    <key>emitters</key>
                    <array>
                        <string>4778</string>
                    </array>
                </dict>
            </dict>
            <dict>
                <key>id</key>
                <string>4782</string>
                <key>Emitters</key>
                <dict>
                    <key>emitters</key>
                    <array>
                        <string>4784</string>
                    </array>
                </dict>
            </dict>
            <dict>
                <key>id</key>
                <string>4788</string>
                <key>Emitters</key>
                <dict>
                    <key>emitters</key>
                    <array>
                        <string>4790</string>
                    </array>
                </dict>
            </dict>
            <dict>
                <key>id</key>
                <string>4794</string>
                <key>Emitters</key>
                <dict>
                    <key>emitters</key>
                    <array>
                        <string>4796</string>
                    </array>
                </dict>
            </dict>
            <dict>
                <key>id</key>
                <string>4800</string>
                <key>Emitters</key>
                <dict>
                    <key>emitters</key>
                    <array>
                        <string>4802</string>
                    </array>
                </dict>
            </dict>
            <dict>
                <key>id</key>
                <string>4806</string>
                <key>Emitters</key>
                <dict>
                    <key>emitters</key>
                    <array>
                        <string>4808</string>
                    </array>
                </dict>
            </dict>
            <dict>
                <key>id</key>
                <string>4812</string>
                <key>Emitters</key>
                <dict>
                    <key>emitters</key>
                    <array>
                        <string>4814</string>
                    </array>
                </dict>
            </dict>
            <dict>
                <key>id</key>
                <string>4818</string>
                <key>Emitters</key>
                <dict>
                    <key>emitters</key>
                    <array>
                        <string>4820</string>
                    </array>
                </dict>
            </dict>
            <dict>
                <key>id</key>
                <string>4824</string>
                <key>Emitters</key>
                <dict>
                    <key>emitters</key>
                    <array>
                        <string>4826</string>
                    </array>
                </dict>
            </dict>
            <dict>
                <key>id</key>
                <string>4830</string>
                <key>Emitters</key>
                <dict>
                    <key>emitters</key>
                    <array>
                        <string>4832</string>
                    </array>
                </dict>
            </dict>
            <dict>
                <key>id</key>
                <string>4836</string>
                <key>Emitters</key>
                <dict>
                    <key>emitters</key>
                    <array>
                        <string>4838</string>
                    </array>
                </dict>
            </dict>
            <dict>
                <key>id</key>
                <string>4842</string>
                <key>Emitters</key>
                <dict>
                    <key>emitters</key>
                    <array>
                        <string>4844</string>
                    </array>
                </dict>
            </dict>
            <dict>
                <key>id</key>
                <string>4848</string>
                <key>Emitters</key>
                <dict>
                    <key>emitters</key>
                    <array>
                        <string>4850</string>
                    </array>
                </dict>
            </dict>
            <dict>
                <key>id</key>
                <string>4854</string>
                <key>Emitters</key>
                <dict>
                    <key>emitters</key>
                    <array>
                        <string>4856</string>
                    </array>
                </dict>
            </dict>
            <dict>
                <key>id</key>
                <string>5083</string>
                <key>Emitters</key>
                <dict>
                    <key>emitters</key>
                    <array>
                        <string>5085</string>
                    </array>
                </dict>
            </dict>
            <dict>
                <key>id</key>
                <string>5089</string>
                <key>Emitters</key>
                <dict>
                    <key>emitters</key>
                    <array>
                        <string>5091</string>
                    </array>
                </dict>
            </dict>
        </array>
    </dict>
</plist>
