<?xml version="1.0" encoding="UTF-8"?>
<!DOCTYPE plist PUBLIC "-//Apple//DTD PLIST 1.0//EN" "http://www.apple.com/DTDs/PropertyList-1.0.dtd"/>

<plist version="1.0">
    <dict>
        <key>ROOT</key>
        <array>
            <dict>
                <key>id</key>
                <string>103</string>
                <key>className</key>
                <string>PTModelLevelSection</string>
                <key>Name</key>
                <dict>
                    <key>visible</key>
                    <string>0</string>
                    <key>value</key>
                    <string>Start</string>
                </dict>
                <key>End Distance</key>
                <dict>
                    <key>value</key>
                    <string>1.000000</string>
                </dict>
                <key>Width</key>
                <dict>
                    <key>value</key>
                    <string>1136.000000</string>
                </dict>
                <key>muted</key>
                <string>0</string>
                <key>solo</key>
                <string>0</string>
                <key>initSection</key>
                <string>1</string>
                <key>parentScreenId</key>
                <string>102</string>
            </dict>
            <dict>
                <key>id</key>
                <string>1395</string>
                <key>className</key>
                <string>PTModelLevelSection</string>
                <key>Name</key>
                <dict>
                    <key>visible</key>
                    <string>0</string>
                    <key>value</key>
                    <string>Start</string>
                </dict>
                <key>Start Distance</key>
                <dict>
                    <key>animations</key>
                    <array/>
                </dict>
                <key>End Distance</key>
                <dict>
                    <key>value</key>
                    <string>2284.881592</string>
                    <key>animations</key>
                    <array/>
                </dict>
                <key>Width</key>
                <dict>
                    <key>value</key>
                    <string>2284.881592</string>
                    <key>animations</key>
                    <array/>
                </dict>
                <key>Play Cooldown</key>
                <dict>
                    <key>animations</key>
                    <array/>
                </dict>
                <key>muted</key>
                <string>0</string>
                <key>solo</key>
                <string>0</string>
                <key>initSection</key>
                <string>1</string>
                <key>parentScreenId</key>
                <string>1394</string>
            </dict>
            <dict>
                <key>id</key>
                <string>1407</string>
                <key>className</key>
                <string>PTModelLevelSection</string>
                <key>Name</key>
                <dict>
                    <key>value</key>
                    <string>1</string>
                </dict>
                <key>Start Distance</key>
                <dict>
                    <key>value</key>
                    <string>2284.881592</string>
                </dict>
                <key>End Distance</key>
                <dict>
                    <key>value</key>
                    <string>4447.075195</string>
                </dict>
                <key>Width</key>
                <dict>
                    <key>value</key>
                    <string>2162.193359</string>
                </dict>
                <key>muted</key>
                <string>0</string>
                <key>solo</key>
                <string>0</string>
                <key>initSection</key>
                <string>0</string>
                <key>parentScreenId</key>
                <string>1394</string>
            </dict>
            <dict>
                <key>id</key>
                <string>2474</string>
                <key>className</key>
                <string>PTModelLevelSection</string>
                <key>Name</key>
                <dict>
                    <key>value</key>
                    <string>2</string>
                </dict>
                <key>Start Distance</key>
                <dict>
                    <key>value</key>
                    <string>4447.075195</string>
                </dict>
                <key>End Distance</key>
                <dict>
                    <key>value</key>
                    <string>7248.064453</string>
                </dict>
                <key>Width</key>
                <dict>
                    <key>value</key>
                    <string>2800.989502</string>
                </dict>
                <key>muted</key>
                <string>0</string>
                <key>solo</key>
                <string>0</string>
                <key>initSection</key>
                <string>0</string>
                <key>parentScreenId</key>
                <string>1394</string>
            </dict>
            <dict>
                <key>id</key>
                <string>3273</string>
                <key>className</key>
                <string>PTModelLevelSection</string>
                <key>Name</key>
                <dict>
                    <key>value</key>
                    <string>3</string>
                </dict>
                <key>Start Distance</key>
                <dict>
                    <key>value</key>
                    <string>7248.064453</string>
                    <key>animations</key>
                    <array/>
                </dict>
                <key>End Distance</key>
                <dict>
                    <key>value</key>
                    <string>9985.887695</string>
                    <key>animations</key>
                    <array/>
                </dict>
                <key>Width</key>
                <dict>
                    <key>value</key>
                    <string>2737.823486</string>
                    <key>animations</key>
                    <array/>
                </dict>
                <key>Play Cooldown</key>
                <dict>
                    <key>animations</key>
                    <array/>
                </dict>
                <key>muted</key>
                <string>0</string>
                <key>solo</key>
                <string>0</string>
                <key>initSection</key>
                <string>0</string>
                <key>parentScreenId</key>
                <string>1394</string>
            </dict>
            <dict>
                <key>id</key>
                <string>3651</string>
                <key>className</key>
                <string>PTModelLevelSection</string>
                <key>Name</key>
                <dict>
                    <key>value</key>
                    <string>4</string>
                </dict>
                <key>Start Distance</key>
                <dict>
                    <key>value</key>
                    <string>9985.887695</string>
                    <key>animations</key>
                    <array/>
                </dict>
                <key>End Distance</key>
                <dict>
                    <key>value</key>
                    <string>12723.710938</string>
                    <key>animations</key>
                    <array/>
                </dict>
                <key>Width</key>
                <dict>
                    <key>value</key>
                    <string>2737.823486</string>
                    <key>animations</key>
                    <array/>
                </dict>
                <key>Play Cooldown</key>
                <dict>
                    <key>animations</key>
                    <array/>
                </dict>
                <key>muted</key>
                <string>0</string>
                <key>solo</key>
                <string>0</string>
                <key>initSection</key>
                <string>0</string>
                <key>parentScreenId</key>
                <string>1394</string>
            </dict>
            <dict>
                <key>id</key>
                <string>3936</string>
                <key>className</key>
                <string>PTModelLevelSection</string>
                <key>Name</key>
                <dict>
                    <key>value</key>
                    <string>5</string>
                </dict>
                <key>Start Distance</key>
                <dict>
                    <key>value</key>
                    <string>12723.710938</string>
                    <key>animations</key>
                    <array/>
                </dict>
                <key>End Distance</key>
                <dict>
                    <key>value</key>
                    <string>15461.534180</string>
                    <key>animations</key>
                    <array/>
                </dict>
                <key>Width</key>
                <dict>
                    <key>value</key>
                    <string>2737.823486</string>
                    <key>animations</key>
                    <array/>
                </dict>
                <key>Play Cooldown</key>
                <dict>
                    <key>animations</key>
                    <array/>
                </dict>
                <key>muted</key>
                <string>0</string>
                <key>solo</key>
                <string>0</string>
                <key>initSection</key>
                <string>0</string>
                <key>parentScreenId</key>
                <string>1394</string>
            </dict>
            <dict>
                <key>id</key>
                <string>4661</string>
                <key>className</key>
                <string>PTModelLevelSection</string>
                <key>Name</key>
                <dict>
                    <key>value</key>
                    <string>6</string>
                </dict>
                <key>Start Distance</key>
                <dict>
                    <key>value</key>
                    <string>15461.534180</string>
                    <key>animations</key>
                    <array/>
                </dict>
                <key>End Distance</key>
                <dict>
                    <key>value</key>
                    <string>18199.357422</string>
                    <key>animations</key>
                    <array/>
                </dict>
                <key>Width</key>
                <dict>
                    <key>value</key>
                    <string>2737.823486</string>
                    <key>animations</key>
                    <array/>
                </dict>
                <key>Play Cooldown</key>
                <dict>
                    <key>animations</key>
                    <array/>
                </dict>
                <key>muted</key>
                <string>0</string>
                <key>solo</key>
                <string>0</string>
                <key>initSection</key>
                <string>0</string>
                <key>parentScreenId</key>
                <string>1394</string>
            </dict>
            <dict>
                <key>id</key>
                <string>5292</string>
                <key>className</key>
                <string>PTModelLevelSection</string>
                <key>Name</key>
                <dict>
                    <key>value</key>
                    <string>7</string>
                </dict>
                <key>Start Distance</key>
                <dict>
                    <key>value</key>
                    <string>18199.357422</string>
                    <key>animations</key>
                    <array/>
                </dict>
                <key>End Distance</key>
                <dict>
                    <key>value</key>
                    <string>20937.181641</string>
                    <key>animations</key>
                    <array/>
                </dict>
                <key>Width</key>
                <dict>
                    <key>value</key>
                    <string>2737.823486</string>
                    <key>animations</key>
                    <array/>
                </dict>
                <key>Play Cooldown</key>
                <dict>
                    <key>animations</key>
                    <array/>
                </dict>
                <key>muted</key>
                <string>0</string>
                <key>solo</key>
                <string>0</string>
                <key>initSection</key>
                <string>0</string>
                <key>parentScreenId</key>
                <string>1394</string>
            </dict>
            <dict>
                <key>id</key>
                <string>5705</string>
                <key>className</key>
                <string>PTModelLevelSection</string>
                <key>Name</key>
                <dict>
                    <key>value</key>
                    <string>8</string>
                </dict>
                <key>Start Distance</key>
                <dict>
                    <key>value</key>
                    <string>20937.181641</string>
                    <key>animations</key>
                    <array/>
                </dict>
                <key>End Distance</key>
                <dict>
                    <key>value</key>
                    <string>23675.005859</string>
                    <key>animations</key>
                    <array/>
                </dict>
                <key>Width</key>
                <dict>
                    <key>value</key>
                    <string>2737.823486</string>
                    <key>animations</key>
                    <array/>
                </dict>
                <key>Play Cooldown</key>
                <dict>
                    <key>animations</key>
                    <array/>
                </dict>
                <key>muted</key>
                <string>0</string>
                <key>solo</key>
                <string>0</string>
                <key>initSection</key>
                <string>0</string>
                <key>parentScreenId</key>
                <string>1394</string>
            </dict>
            <dict>
                <key>id</key>
                <string>5909</string>
                <key>className</key>
                <string>PTModelLevelSection</string>
                <key>Name</key>
                <dict>
                    <key>value</key>
                    <string>9</string>
                </dict>
                <key>Start Distance</key>
                <dict>
                    <key>value</key>
                    <string>23675.005859</string>
                </dict>
                <key>End Distance</key>
                <dict>
                    <key>value</key>
                    <string>26412.830078</string>
                </dict>
                <key>Width</key>
                <dict>
                    <key>value</key>
                    <string>2737.823486</string>
                </dict>
                <key>muted</key>
                <string>0</string>
                <key>solo</key>
                <string>0</string>
                <key>initSection</key>
                <string>0</string>
                <key>parentScreenId</key>
                <string>1394</string>
            </dict>
            <dict>
                <key>id</key>
                <string>6648</string>
                <key>className</key>
                <string>PTModelLevelSection</string>
                <key>Name</key>
                <dict>
                    <key>value</key>
                    <string>10</string>
                </dict>
                <key>Start Distance</key>
                <dict>
                    <key>value</key>
                    <string>26412.830078</string>
                </dict>
                <key>End Distance</key>
                <dict>
                    <key>value</key>
                    <string>29150.654297</string>
                </dict>
                <key>Width</key>
                <dict>
                    <key>value</key>
                    <string>2737.823486</string>
                </dict>
                <key>muted</key>
                <string>0</string>
                <key>solo</key>
                <string>0</string>
                <key>initSection</key>
                <string>0</string>
                <key>parentScreenId</key>
                <string>1394</string>
            </dict>
            <dict>
                <key>id</key>
                <string>1249</string>
                <key>className</key>
                <string>PTModelLevelSection</string>
                <key>Name</key>
                <dict>
                    <key>visible</key>
                    <string>0</string>
                    <key>value</key>
                    <string>Start</string>
                </dict>
                <key>End Distance</key>
                <dict>
                    <key>value</key>
                    <string>1.000000</string>
                </dict>
                <key>Width</key>
                <dict>
                    <key>value</key>
                    <string>1136.000000</string>
                </dict>
                <key>muted</key>
                <string>0</string>
                <key>solo</key>
                <string>0</string>
                <key>initSection</key>
                <string>1</string>
                <key>parentScreenId</key>
                <string>1248</string>
            </dict>
            <dict>
                <key>id</key>
                <string>6800</string>
                <key>className</key>
                <string>PTModelLevelSection</string>
                <key>Name</key>
                <dict>
                    <key>value</key>
                    <string>11</string>
                </dict>
                <key>Start Distance</key>
                <dict>
                    <key>value</key>
                    <string>29150.654297</string>
                </dict>
                <key>End Distance</key>
                <dict>
                    <key>value</key>
                    <string>31888.478516</string>
                </dict>
                <key>Width</key>
                <dict>
                    <key>value</key>
                    <string>2737.823486</string>
                </dict>
                <key>muted</key>
                <string>0</string>
                <key>solo</key>
                <string>0</string>
                <key>initSection</key>
                <string>0</string>
                <key>parentScreenId</key>
                <string>1394</string>
            </dict>
            <dict>
                <key>id</key>
                <string>6803</string>
                <key>className</key>
                <string>PTModelLevelSection</string>
                <key>Name</key>
                <dict>
                    <key>value</key>
                    <string>12</string>
                </dict>
                <key>Start Distance</key>
                <dict>
                    <key>value</key>
                    <string>31888.478516</string>
                </dict>
                <key>End Distance</key>
                <dict>
                    <key>value</key>
                    <string>34626.300781</string>
                </dict>
                <key>Width</key>
                <dict>
                    <key>value</key>
                    <string>2737.823486</string>
                </dict>
                <key>muted</key>
                <string>0</string>
                <key>solo</key>
                <string>0</string>
                <key>initSection</key>
                <string>0</string>
                <key>parentScreenId</key>
                <string>1394</string>
            </dict>
            <dict>
                <key>id</key>
                <string>6805</string>
                <key>className</key>
                <string>PTModelLevelSection</string>
                <key>Name</key>
                <dict>
                    <key>value</key>
                    <string>13</string>
                </dict>
                <key>Start Distance</key>
                <dict>
                    <key>value</key>
                    <string>34626.300781</string>
                </dict>
                <key>End Distance</key>
                <dict>
                    <key>value</key>
                    <string>37364.125000</string>
                </dict>
                <key>Width</key>
                <dict>
                    <key>value</key>
                    <string>2737.823486</string>
                </dict>
                <key>muted</key>
                <string>0</string>
                <key>solo</key>
                <string>0</string>
                <key>initSection</key>
                <string>0</string>
                <key>parentScreenId</key>
                <string>1394</string>
            </dict>
            <dict>
                <key>id</key>
                <string>7698</string>
                <key>className</key>
                <string>PTModelLevelSection</string>
                <key>Name</key>
                <dict>
                    <key>value</key>
                    <string>14</string>
                </dict>
                <key>Start Distance</key>
                <dict>
                    <key>value</key>
                    <string>37364.125000</string>
                </dict>
                <key>End Distance</key>
                <dict>
                    <key>value</key>
                    <string>40101.949219</string>
                </dict>
                <key>Width</key>
                <dict>
                    <key>value</key>
                    <string>2737.823486</string>
                </dict>
                <key>muted</key>
                <string>0</string>
                <key>solo</key>
                <string>0</string>
                <key>initSection</key>
                <string>0</string>
                <key>parentScreenId</key>
                <string>1394</string>
            </dict>
            <dict>
                <key>id</key>
                <string>1639</string>
                <key>className</key>
                <string>PTModelLevelSection</string>
                <key>Name</key>
                <dict>
                    <key>value</key>
                    <string>Start</string>
                </dict>
                <key>End Distance</key>
                <dict>
                    <key>value</key>
                    <string>1.000000</string>
                </dict>
                <key>Width</key>
                <dict>
                    <key>value</key>
                    <string>1136.000000</string>
                </dict>
                <key>muted</key>
                <string>0</string>
                <key>solo</key>
                <string>0</string>
                <key>initSection</key>
                <string>0</string>
                <key>parentScreenId</key>
                <string>1636</string>
            </dict>
            <dict>
                <key>id</key>
                <string>7788</string>
                <key>className</key>
                <string>PTModelLevelSection</string>
                <key>Name</key>
                <dict>
                    <key>value</key>
                    <string>15</string>
                </dict>
                <key>Start Distance</key>
                <dict>
                    <key>value</key>
                    <string>40101.949219</string>
                </dict>
                <key>End Distance</key>
                <dict>
                    <key>value</key>
                    <string>42839.773438</string>
                </dict>
                <key>Width</key>
                <dict>
                    <key>value</key>
                    <string>2737.823486</string>
                </dict>
                <key>muted</key>
                <string>0</string>
                <key>solo</key>
                <string>0</string>
                <key>initSection</key>
                <string>0</string>
                <key>parentScreenId</key>
                <string>1394</string>
            </dict>
            <dict>
                <key>id</key>
                <string>8033</string>
                <key>className</key>
                <string>PTModelLevelSection</string>
                <key>Name</key>
                <dict>
                    <key>value</key>
                    <string>16</string>
                </dict>
                <key>Start Distance</key>
                <dict>
                    <key>value</key>
                    <string>42839.773438</string>
                </dict>
                <key>End Distance</key>
                <dict>
                    <key>value</key>
                    <string>45577.597656</string>
                </dict>
                <key>Width</key>
                <dict>
                    <key>value</key>
                    <string>2737.823486</string>
                </dict>
                <key>muted</key>
                <string>0</string>
                <key>solo</key>
                <string>0</string>
                <key>initSection</key>
                <string>0</string>
                <key>parentScreenId</key>
                <string>1394</string>
            </dict>
            <dict>
                <key>id</key>
                <string>1646</string>
                <key>className</key>
                <string>PTModelLevelSection</string>
                <key>Name</key>
                <dict>
                    <key>value</key>
                    <string>1</string>
                </dict>
                <key>Start Distance</key>
                <dict>
                    <key>value</key>
                    <string>1.000000</string>
                </dict>
                <key>Width</key>
                <dict>
                    <key>value</key>
                    <string>1136.000000</string>
                </dict>
                <key>muted</key>
                <string>0</string>
                <key>solo</key>
                <string>0</string>
                <key>initSection</key>
                <string>0</string>
                <key>parentScreenId</key>
                <string>1636</string>
            </dict>
            <dict>
                <key>id</key>
                <string>104</string>
                <key>className</key>
                <string>PTModelLevelSection</string>
                <key>Name</key>
                <dict>
                    <key>value</key>
                    <string>1</string>
                </dict>
                <key>Start Distance</key>
                <dict>
                    <key>value</key>
                    <string>1.000000</string>
                </dict>
                <key>Width</key>
                <dict>
                    <key>value</key>
                    <string>3001.879883</string>
                </dict>
                <key>muted</key>
                <string>0</string>
                <key>solo</key>
                <string>0</string>
                <key>initSection</key>
                <string>0</string>
                <key>parentScreenId</key>
                <string>102</string>
            </dict>
            <dict>
                <key>id</key>
                <string>938</string>
                <key>className</key>
                <string>PTModelLevelSection</string>
                <key>Name</key>
                <dict>
                    <key>visible</key>
                    <string>0</string>
                    <key>value</key>
                    <string>Start</string>
                </dict>
                <key>End Distance</key>
                <dict>
                    <key>value</key>
                    <string>1.000000</string>
                </dict>
                <key>Width</key>
                <dict>
                    <key>value</key>
                    <string>1136.000000</string>
                </dict>
                <key>muted</key>
                <string>0</string>
                <key>solo</key>
                <string>0</string>
                <key>initSection</key>
                <string>1</string>
                <key>parentScreenId</key>
                <string>937</string>
            </dict>
            <dict>
                <key>id</key>
                <string>939</string>
                <key>className</key>
                <string>PTModelLevelSection</string>
                <key>Name</key>
                <dict>
                    <key>value</key>
                    <string>1</string>
                </dict>
                <key>Start Distance</key>
                <dict>
                    <key>value</key>
                    <string>1.000000</string>
                </dict>
                <key>Width</key>
                <dict>
                    <key>value</key>
                    <string>1808.250488</string>
                </dict>
                <key>muted</key>
                <string>0</string>
                <key>solo</key>
                <string>0</string>
                <key>initSection</key>
                <string>0</string>
                <key>parentScreenId</key>
                <string>937</string>
            </dict>
        </array>
    </dict>
</plist>
