<?xml version="1.0" encoding="UTF-8"?>
<!DOCTYPE plist PUBLIC "-//Apple//DTD PLIST 1.0//EN" "http://www.apple.com/DTDs/PropertyList-1.0.dtd"/>

<plist version="1.0">
    <dict>
        <key>ROOT</key>
        <array>
            <dict>
                <key>id</key>
                <string>394</string>
                <key>className</key>
                <string>PTModelObjectAssetLogic</string>
                <key>Name</key>
                <dict>
                    <key>value</key>
                    <string>Untitled</string>
                </dict>
                <key>Position</key>
                <dict>
                    <key>value</key>
                    <string>{693.456,268.000}</string>
                </dict>
                <key>Scale</key>
                <dict>
                    <key>value</key>
                    <string>{1.000,1.000}</string>
                </dict>
                <key>Hidden</key>
                <dict>
                    <key>visible</key>
                    <string>0</string>
                </dict>
                <key>Locked</key>
                <dict>
                    <key>visible</key>
                    <string>0</string>
                </dict>
                <key>Opacity</key>
                <dict>
                    <key>visible</key>
                    <string>0</string>
                </dict>
                <key>Position Modifier</key>
                <dict>
                    <key>value</key>
                    <string>{0.000,0.000}</string>
                    <key>isXEmpty</key>
                    <string>1</string>
                    <key>isYEmpty</key>
                    <string>1</string>
                    <key>useDefault</key>
                    <string>0</string>
                </dict>
                <key>Rotation Modifier</key>
                <dict>
                    <key>useDefault</key>
                    <string>0</string>
                    <key>isEmpty</key>
                    <string>1</string>
                </dict>
                <key>Scale Modifier</key>
                <dict>
                    <key>value</key>
                    <string>{0.000,0.000}</string>
                    <key>isXEmpty</key>
                    <string>1</string>
                    <key>isYEmpty</key>
                    <string>1</string>
                    <key>useDefault</key>
                    <string>0</string>
                </dict>
                <key>Linear Velocity Modifier</key>
                <dict>
                    <key>value</key>
                    <string>{0.000,0.000}</string>
                    <key>useDefault</key>
                    <string>0</string>
                </dict>
                <key>Angular Velocity Modifier</key>
                <dict>
                    <key>useDefault</key>
                    <string>0</string>
                    <key>isEmpty</key>
                    <string>1</string>
                </dict>
                <key>Affected asset</key>
                <dict>
                    <key>selectedStringValue</key>
                    <string>128</string>
                </dict>
                <key>Affect operation</key>
                <dict>
                    <key>selectedStringValue</key>
                    <string>kReplace</string>
                </dict>
                <key>zDepth</key>
                <string>504</string>
            </dict>
            <dict>
                <key>id</key>
                <string>1285</string>
                <key>className</key>
                <string>PTModelObjectAssetLogic</string>
                <key>Name</key>
                <dict>
                    <key>value</key>
                    <string>Untitled</string>
                </dict>
                <key>Position</key>
                <dict>
                    <key>value</key>
                    <string>{693.456,268.000}</string>
                </dict>
                <key>Scale</key>
                <dict>
                    <key>value</key>
                    <string>{1.000,1.000}</string>
                </dict>
                <key>Hidden</key>
                <dict>
                    <key>visible</key>
                    <string>0</string>
                </dict>
                <key>Locked</key>
                <dict>
                    <key>visible</key>
                    <string>0</string>
                </dict>
                <key>Opacity</key>
                <dict>
                    <key>visible</key>
                    <string>0</string>
                </dict>
                <key>Position Modifier</key>
                <dict>
                    <key>value</key>
                    <string>{0.000,0.000}</string>
                    <key>isXEmpty</key>
                    <string>1</string>
                    <key>isYEmpty</key>
                    <string>1</string>
                    <key>useDefault</key>
                    <string>0</string>
                </dict>
                <key>Rotation Modifier</key>
                <dict>
                    <key>useDefault</key>
                    <string>0</string>
                    <key>isEmpty</key>
                    <string>1</string>
                </dict>
                <key>Scale Modifier</key>
                <dict>
                    <key>value</key>
                    <string>{0.000,0.000}</string>
                    <key>isXEmpty</key>
                    <string>1</string>
                    <key>isYEmpty</key>
                    <string>1</string>
                    <key>useDefault</key>
                    <string>0</string>
                </dict>
                <key>Linear Velocity Modifier</key>
                <dict>
                    <key>value</key>
                    <string>{0.000,0.000}</string>
                    <key>useDefault</key>
                    <string>0</string>
                </dict>
                <key>Angular Velocity Modifier</key>
                <dict>
                    <key>useDefault</key>
                    <string>0</string>
                    <key>isEmpty</key>
                    <string>1</string>
                </dict>
                <key>Affected asset</key>
                <dict>
                    <key>selectedStringValue</key>
                    <string>128</string>
                </dict>
                <key>Affect operation</key>
                <dict>
                    <key>selectedStringValue</key>
                    <string>kReplace</string>
                </dict>
                <key>zDepth</key>
                <string>504</string>
            </dict>
            <dict>
                <key>id</key>
                <string>5247</string>
                <key>className</key>
                <string>PTModelObjectAssetLogic</string>
                <key>Name</key>
                <dict>
                    <key>value</key>
                    <string>Transform</string>
                </dict>
                <key>Position</key>
                <dict>
                    <key>value</key>
                    <string>{935.294,226.753}</string>
                    <key>animationsX</key>
                    <array/>
                    <key>animationsY</key>
                    <array/>
                </dict>
                <key>Rotation</key>
                <dict>
                    <key>animations</key>
                    <array/>
                </dict>
                <key>Scale</key>
                <dict>
                    <key>value</key>
                    <string>{4.076,2.656}</string>
                    <key>animationsX</key>
                    <array/>
                    <key>animationsY</key>
                    <array/>
                </dict>
                <key>Hidden</key>
                <dict>
                    <key>visible</key>
                    <string>0</string>
                </dict>
                <key>Locked</key>
                <dict>
                    <key>visible</key>
                    <string>0</string>
                </dict>
                <key>Opacity</key>
                <dict>
                    <key>visible</key>
                    <string>0</string>
                    <key>animations</key>
                    <array/>
                </dict>
                <key>Position Modifier</key>
                <dict>
                    <key>value</key>
                    <string>{0.000,0.000}</string>
                    <key>isXEmpty</key>
                    <string>1</string>
                    <key>isYEmpty</key>
                    <string>1</string>
                    <key>useDefault</key>
                    <string>0</string>
                    <key>animationsX</key>
                    <array/>
                    <key>animationsY</key>
                    <array/>
                </dict>
                <key>Rotation Modifier</key>
                <dict>
                    <key>useDefault</key>
                    <string>0</string>
                    <key>isEmpty</key>
                    <string>1</string>
                    <key>animations</key>
                    <array/>
                </dict>
                <key>Scale Modifier</key>
                <dict>
                    <key>value</key>
                    <string>{1.200,0.000}</string>
                    <key>isYEmpty</key>
                    <string>1</string>
                    <key>useDefault</key>
                    <string>0</string>
                    <key>animationsX</key>
                    <array/>
                    <key>animationsY</key>
                    <array/>
                </dict>
                <key>Linear Velocity Modifier</key>
                <dict>
                    <key>value</key>
                    <string>{5.000,0.000}</string>
                    <key>isYEmpty</key>
                    <string>1</string>
                    <key>useDefault</key>
                    <string>0</string>
                    <key>animationsX</key>
                    <array/>
                    <key>animationsY</key>
                    <array/>
                </dict>
                <key>Angular Velocity Modifier</key>
                <dict>
                    <key>useDefault</key>
                    <string>0</string>
                    <key>isEmpty</key>
                    <string>1</string>
                    <key>animations</key>
                    <array/>
                </dict>
                <key>Affected asset</key>
                <dict>
                    <key>selectedStringValue</key>
                    <string>8965</string>
                </dict>
                <key>Affect operation</key>
                <dict>
                    <key>selectedStringValue</key>
                    <string>kReplace</string>
                </dict>
                <key>zDepth</key>
                <string>19</string>
            </dict>
            <dict>
                <key>id</key>
                <string>5253</string>
                <key>className</key>
                <string>PTModelObjectAssetLogic</string>
                <key>Name</key>
                <dict>
                    <key>value</key>
                    <string>Transform 2</string>
                </dict>
                <key>Position</key>
                <dict>
                    <key>value</key>
                    <string>{1964.957,229.715}</string>
                    <key>animationsX</key>
                    <array/>
                    <key>animationsY</key>
                    <array/>
                </dict>
                <key>Rotation</key>
                <dict>
                    <key>animations</key>
                    <array/>
                </dict>
                <key>Scale</key>
                <dict>
                    <key>value</key>
                    <string>{4.076,2.656}</string>
                    <key>animationsX</key>
                    <array/>
                    <key>animationsY</key>
                    <array/>
                </dict>
                <key>Hidden</key>
                <dict>
                    <key>visible</key>
                    <string>0</string>
                </dict>
                <key>Locked</key>
                <dict>
                    <key>visible</key>
                    <string>0</string>
                </dict>
                <key>Opacity</key>
                <dict>
                    <key>visible</key>
                    <string>0</string>
                    <key>animations</key>
                    <array/>
                </dict>
                <key>Position Modifier</key>
                <dict>
                    <key>value</key>
                    <string>{0.000,0.000}</string>
                    <key>isXEmpty</key>
                    <string>1</string>
                    <key>isYEmpty</key>
                    <string>1</string>
                    <key>useDefault</key>
                    <string>0</string>
                    <key>animationsX</key>
                    <array/>
                    <key>animationsY</key>
                    <array/>
                </dict>
                <key>Rotation Modifier</key>
                <dict>
                    <key>useDefault</key>
                    <string>0</string>
                    <key>isEmpty</key>
                    <string>1</string>
                    <key>animations</key>
                    <array/>
                </dict>
                <key>Scale Modifier</key>
                <dict>
                    <key>value</key>
                    <string>{-1.200,0.000}</string>
                    <key>isYEmpty</key>
                    <string>1</string>
                    <key>useDefault</key>
                    <string>0</string>
                    <key>animationsX</key>
                    <array/>
                    <key>animationsY</key>
                    <array/>
                </dict>
                <key>Linear Velocity Modifier</key>
                <dict>
                    <key>value</key>
                    <string>{-5.000,0.000}</string>
                    <key>isYEmpty</key>
                    <string>1</string>
                    <key>useDefault</key>
                    <string>0</string>
                    <key>animationsX</key>
                    <array/>
                    <key>animationsY</key>
                    <array/>
                </dict>
                <key>Angular Velocity Modifier</key>
                <dict>
                    <key>useDefault</key>
                    <string>0</string>
                    <key>isEmpty</key>
                    <string>1</string>
                    <key>animations</key>
                    <array/>
                </dict>
                <key>Affected asset</key>
                <dict>
                    <key>selectedStringValue</key>
                    <string>8965</string>
                </dict>
                <key>Affect operation</key>
                <dict>
                    <key>selectedStringValue</key>
                    <string>kReplace</string>
                </dict>
                <key>zDepth</key>
                <string>20</string>
            </dict>
            <dict>
                <key>id</key>
                <string>5643</string>
                <key>className</key>
                <string>PTModelObjectAssetLogic</string>
                <key>Name</key>
                <dict>
                    <key>value</key>
                    <string>Transform</string>
                </dict>
                <key>Position</key>
                <dict>
                    <key>value</key>
                    <string>{1298.379,586.700}</string>
                    <key>animationsX</key>
                    <array/>
                    <key>animationsY</key>
                    <array/>
                </dict>
                <key>Rotation</key>
                <dict>
                    <key>animations</key>
                    <array/>
                </dict>
                <key>Scale</key>
                <dict>
                    <key>value</key>
                    <string>{1.734,1.467}</string>
                    <key>animationsX</key>
                    <array/>
                    <key>animationsY</key>
                    <array/>
                </dict>
                <key>Hidden</key>
                <dict>
                    <key>visible</key>
                    <string>0</string>
                </dict>
                <key>Locked</key>
                <dict>
                    <key>visible</key>
                    <string>0</string>
                </dict>
                <key>Opacity</key>
                <dict>
                    <key>visible</key>
                    <string>0</string>
                    <key>animations</key>
                    <array/>
                </dict>
                <key>Position Modifier</key>
                <dict>
                    <key>value</key>
                    <string>{0.000,0.000}</string>
                    <key>isXEmpty</key>
                    <string>1</string>
                    <key>isYEmpty</key>
                    <string>1</string>
                    <key>useDefault</key>
                    <string>0</string>
                </dict>
                <key>Rotation Modifier</key>
                <dict>
                    <key>useDefault</key>
                    <string>0</string>
                    <key>isEmpty</key>
                    <string>1</string>
                </dict>
                <key>Scale Modifier</key>
                <dict>
                    <key>value</key>
                    <string>{0.000,0.000}</string>
                    <key>isXEmpty</key>
                    <string>1</string>
                    <key>isYEmpty</key>
                    <string>1</string>
                    <key>useDefault</key>
                    <string>0</string>
                </dict>
                <key>Linear Velocity Modifier</key>
                <dict>
                    <key>value</key>
                    <string>{0.000,-5.000}</string>
                    <key>isXEmpty</key>
                    <string>1</string>
                    <key>useDefault</key>
                    <string>0</string>
                </dict>
                <key>Angular Velocity Modifier</key>
                <dict>
                    <key>useDefault</key>
                    <string>0</string>
                    <key>isEmpty</key>
                    <string>1</string>
                </dict>
                <key>Affected asset</key>
                <dict>
                    <key>selectedStringValue</key>
                    <string>5665</string>
                </dict>
                <key>Affect operation</key>
                <dict>
                    <key>selectedStringValue</key>
                    <string>kReplace</string>
                </dict>
                <key>zDepth</key>
                <string>501</string>
            </dict>
            <dict>
                <key>id</key>
                <string>5649</string>
                <key>className</key>
                <string>PTModelObjectAssetLogic</string>
                <key>Name</key>
                <dict>
                    <key>value</key>
                    <string>Transform 2</string>
                </dict>
                <key>Position</key>
                <dict>
                    <key>value</key>
                    <string>{1296.692,212.427}</string>
                    <key>animationsX</key>
                    <array/>
                    <key>animationsY</key>
                    <array/>
                </dict>
                <key>Rotation</key>
                <dict>
                    <key>animations</key>
                    <array/>
                </dict>
                <key>Scale</key>
                <dict>
                    <key>value</key>
                    <string>{1.667,1.200}</string>
                    <key>animationsX</key>
                    <array/>
                    <key>animationsY</key>
                    <array/>
                </dict>
                <key>Hidden</key>
                <dict>
                    <key>visible</key>
                    <string>0</string>
                </dict>
                <key>Locked</key>
                <dict>
                    <key>visible</key>
                    <string>0</string>
                </dict>
                <key>Opacity</key>
                <dict>
                    <key>visible</key>
                    <string>0</string>
                    <key>animations</key>
                    <array/>
                </dict>
                <key>Position Modifier</key>
                <dict>
                    <key>value</key>
                    <string>{0.000,0.000}</string>
                    <key>isXEmpty</key>
                    <string>1</string>
                    <key>isYEmpty</key>
                    <string>1</string>
                    <key>useDefault</key>
                    <string>0</string>
                </dict>
                <key>Rotation Modifier</key>
                <dict>
                    <key>useDefault</key>
                    <string>0</string>
                    <key>isEmpty</key>
                    <string>1</string>
                </dict>
                <key>Scale Modifier</key>
                <dict>
                    <key>value</key>
                    <string>{0.000,0.000}</string>
                    <key>isXEmpty</key>
                    <string>1</string>
                    <key>isYEmpty</key>
                    <string>1</string>
                    <key>useDefault</key>
                    <string>0</string>
                </dict>
                <key>Linear Velocity Modifier</key>
                <dict>
                    <key>value</key>
                    <string>{0.000,5.000}</string>
                    <key>isXEmpty</key>
                    <string>1</string>
                    <key>useDefault</key>
                    <string>0</string>
                </dict>
                <key>Angular Velocity Modifier</key>
                <dict>
                    <key>useDefault</key>
                    <string>0</string>
                    <key>isEmpty</key>
                    <string>1</string>
                </dict>
                <key>Affected asset</key>
                <dict>
                    <key>selectedStringValue</key>
                    <string>5665</string>
                </dict>
                <key>Affect operation</key>
                <dict>
                    <key>selectedStringValue</key>
                    <string>kReplace</string>
                </dict>
                <key>zDepth</key>
                <string>502</string>
            </dict>
            <dict>
                <key>id</key>
                <string>5746</string>
                <key>className</key>
                <string>PTModelObjectAssetLogic</string>
                <key>Name</key>
                <dict>
                    <key>value</key>
                    <string>Transform</string>
                </dict>
                <key>Position</key>
                <dict>
                    <key>value</key>
                    <string>{1529.416,334.840}</string>
                    <key>animationsX</key>
                    <array/>
                    <key>animationsY</key>
                    <array/>
                </dict>
                <key>Rotation</key>
                <dict>
                    <key>animations</key>
                    <array/>
                </dict>
                <key>Scale</key>
                <dict>
                    <key>value</key>
                    <string>{2.915,2.496}</string>
                    <key>animationsX</key>
                    <array/>
                    <key>animationsY</key>
                    <array/>
                </dict>
                <key>Hidden</key>
                <dict>
                    <key>visible</key>
                    <string>0</string>
                </dict>
                <key>Locked</key>
                <dict>
                    <key>visible</key>
                    <string>0</string>
                </dict>
                <key>Opacity</key>
                <dict>
                    <key>visible</key>
                    <string>0</string>
                    <key>animations</key>
                    <array/>
                </dict>
                <key>Position Modifier</key>
                <dict>
                    <key>value</key>
                    <string>{0.000,0.000}</string>
                    <key>isXEmpty</key>
                    <string>1</string>
                    <key>isYEmpty</key>
                    <string>1</string>
                    <key>useDefault</key>
                    <string>0</string>
                </dict>
                <key>Rotation Modifier</key>
                <dict>
                    <key>useDefault</key>
                    <string>0</string>
                    <key>isEmpty</key>
                    <string>1</string>
                </dict>
                <key>Scale Modifier</key>
                <dict>
                    <key>value</key>
                    <string>{0.000,0.000}</string>
                    <key>isXEmpty</key>
                    <string>1</string>
                    <key>isYEmpty</key>
                    <string>1</string>
                    <key>useDefault</key>
                    <string>0</string>
                </dict>
                <key>Linear Velocity Modifier</key>
                <dict>
                    <key>value</key>
                    <string>{5.000,0.000}</string>
                    <key>isYEmpty</key>
                    <string>1</string>
                    <key>useDefault</key>
                    <string>0</string>
                </dict>
                <key>Angular Velocity Modifier</key>
                <dict>
                    <key>useDefault</key>
                    <string>0</string>
                    <key>isEmpty</key>
                    <string>1</string>
                </dict>
                <key>Affected asset</key>
                <dict>
                    <key>selectedStringValue</key>
                    <string>5808</string>
                </dict>
                <key>Affect operation</key>
                <dict>
                    <key>selectedStringValue</key>
                    <string>kReplace</string>
                </dict>
                <key>zDepth</key>
                <string>501</string>
            </dict>
            <dict>
                <key>id</key>
                <string>5750</string>
                <key>className</key>
                <string>PTModelObjectAssetLogic</string>
                <key>Name</key>
                <dict>
                    <key>value</key>
                    <string>Transform</string>
                </dict>
                <key>Position</key>
                <dict>
                    <key>value</key>
                    <string>{2479.545,340.862}</string>
                    <key>animationsX</key>
                    <array/>
                    <key>animationsY</key>
                    <array/>
                </dict>
                <key>Rotation</key>
                <dict>
                    <key>animations</key>
                    <array/>
                </dict>
                <key>Scale</key>
                <dict>
                    <key>value</key>
                    <string>{2.915,2.960}</string>
                    <key>animationsX</key>
                    <array/>
                    <key>animationsY</key>
                    <array/>
                </dict>
                <key>Hidden</key>
                <dict>
                    <key>visible</key>
                    <string>0</string>
                </dict>
                <key>Locked</key>
                <dict>
                    <key>visible</key>
                    <string>0</string>
                </dict>
                <key>Opacity</key>
                <dict>
                    <key>visible</key>
                    <string>0</string>
                    <key>animations</key>
                    <array/>
                </dict>
                <key>Position Modifier</key>
                <dict>
                    <key>value</key>
                    <string>{0.000,0.000}</string>
                    <key>isXEmpty</key>
                    <string>1</string>
                    <key>isYEmpty</key>
                    <string>1</string>
                    <key>useDefault</key>
                    <string>0</string>
                </dict>
                <key>Rotation Modifier</key>
                <dict>
                    <key>useDefault</key>
                    <string>0</string>
                    <key>isEmpty</key>
                    <string>1</string>
                </dict>
                <key>Scale Modifier</key>
                <dict>
                    <key>value</key>
                    <string>{0.000,0.000}</string>
                    <key>isXEmpty</key>
                    <string>1</string>
                    <key>isYEmpty</key>
                    <string>1</string>
                    <key>useDefault</key>
                    <string>0</string>
                </dict>
                <key>Linear Velocity Modifier</key>
                <dict>
                    <key>value</key>
                    <string>{-5.000,0.000}</string>
                    <key>isYEmpty</key>
                    <string>1</string>
                    <key>useDefault</key>
                    <string>0</string>
                </dict>
                <key>Angular Velocity Modifier</key>
                <dict>
                    <key>useDefault</key>
                    <string>0</string>
                    <key>isEmpty</key>
                    <string>1</string>
                </dict>
                <key>Affected asset</key>
                <dict>
                    <key>selectedStringValue</key>
                    <string>5808</string>
                </dict>
                <key>Affect operation</key>
                <dict>
                    <key>selectedStringValue</key>
                    <string>kReplace</string>
                </dict>
                <key>zDepth</key>
                <string>502</string>
            </dict>
            <dict>
                <key>id</key>
                <string>7180</string>
                <key>className</key>
                <string>PTModelObjectAssetLogic</string>
                <key>Name</key>
                <dict>
                    <key>value</key>
                    <string>Transform</string>
                </dict>
                <key>Position</key>
                <dict>
                    <key>value</key>
                    <string>{1658.861,608.380}</string>
                </dict>
                <key>Scale</key>
                <dict>
                    <key>value</key>
                    <string>{1.000,1.000}</string>
                </dict>
                <key>Hidden</key>
                <dict>
                    <key>visible</key>
                    <string>0</string>
                </dict>
                <key>Locked</key>
                <dict>
                    <key>visible</key>
                    <string>0</string>
                </dict>
                <key>Opacity</key>
                <dict>
                    <key>visible</key>
                    <string>0</string>
                </dict>
                <key>Position Modifier</key>
                <dict>
                    <key>value</key>
                    <string>{0.000,0.000}</string>
                    <key>isXEmpty</key>
                    <string>1</string>
                    <key>isYEmpty</key>
                    <string>1</string>
                    <key>useDefault</key>
                    <string>0</string>
                </dict>
                <key>Rotation Modifier</key>
                <dict>
                    <key>useDefault</key>
                    <string>0</string>
                    <key>isEmpty</key>
                    <string>1</string>
                </dict>
                <key>Scale Modifier</key>
                <dict>
                    <key>value</key>
                    <string>{0.000,0.000}</string>
                    <key>isXEmpty</key>
                    <string>1</string>
                    <key>isYEmpty</key>
                    <string>1</string>
                    <key>useDefault</key>
                    <string>0</string>
                </dict>
                <key>Linear Velocity Modifier</key>
                <dict>
                    <key>value</key>
                    <string>{0.000,-5.000}</string>
                    <key>isXEmpty</key>
                    <string>1</string>
                    <key>useDefault</key>
                    <string>0</string>
                </dict>
                <key>Angular Velocity Modifier</key>
                <dict>
                    <key>useDefault</key>
                    <string>0</string>
                    <key>isEmpty</key>
                    <string>1</string>
                </dict>
                <key>Affected asset</key>
                <dict>
                    <key>selectedStringValue</key>
                    <string>7202</string>
                </dict>
                <key>Affect operation</key>
                <dict>
                    <key>selectedStringValue</key>
                    <string>kReplace</string>
                </dict>
                <key>zDepth</key>
                <string>501</string>
            </dict>
            <dict>
                <key>id</key>
                <string>7186</string>
                <key>className</key>
                <string>PTModelObjectAssetLogic</string>
                <key>Name</key>
                <dict>
                    <key>value</key>
                    <string>Transform 2</string>
                </dict>
                <key>Position</key>
                <dict>
                    <key>value</key>
                    <string>{1664.730,226.920}</string>
                </dict>
                <key>Scale</key>
                <dict>
                    <key>value</key>
                    <string>{1.000,1.000}</string>
                </dict>
                <key>Hidden</key>
                <dict>
                    <key>visible</key>
                    <string>0</string>
                </dict>
                <key>Locked</key>
                <dict>
                    <key>visible</key>
                    <string>0</string>
                </dict>
                <key>Opacity</key>
                <dict>
                    <key>visible</key>
                    <string>0</string>
                </dict>
                <key>Position Modifier</key>
                <dict>
                    <key>value</key>
                    <string>{0.000,0.000}</string>
                    <key>isXEmpty</key>
                    <string>1</string>
                    <key>isYEmpty</key>
                    <string>1</string>
                    <key>useDefault</key>
                    <string>0</string>
                </dict>
                <key>Rotation Modifier</key>
                <dict>
                    <key>useDefault</key>
                    <string>0</string>
                    <key>isEmpty</key>
                    <string>1</string>
                </dict>
                <key>Scale Modifier</key>
                <dict>
                    <key>value</key>
                    <string>{0.000,0.000}</string>
                    <key>isXEmpty</key>
                    <string>1</string>
                    <key>isYEmpty</key>
                    <string>1</string>
                    <key>useDefault</key>
                    <string>0</string>
                </dict>
                <key>Linear Velocity Modifier</key>
                <dict>
                    <key>value</key>
                    <string>{0.000,5.000}</string>
                    <key>isXEmpty</key>
                    <string>1</string>
                    <key>useDefault</key>
                    <string>0</string>
                </dict>
                <key>Angular Velocity Modifier</key>
                <dict>
                    <key>useDefault</key>
                    <string>0</string>
                    <key>isEmpty</key>
                    <string>1</string>
                </dict>
                <key>Affected asset</key>
                <dict>
                    <key>selectedStringValue</key>
                    <string>7202</string>
                </dict>
                <key>Affect operation</key>
                <dict>
                    <key>selectedStringValue</key>
                    <string>kReplace</string>
                </dict>
                <key>zDepth</key>
                <string>502</string>
            </dict>
        </array>
    </dict>
</plist>
