<?xml version="1.0" encoding="UTF-8"?>
<!DOCTYPE plist PUBLIC "-//Apple//DTD PLIST 1.0//EN" "http://www.apple.com/DTDs/PropertyList-1.0.dtd"/>

<plist version="1.0">
    <dict>
        <key>ROOT</key>
        <array>
            <dict>
                <key>id</key>
                <string>1891</string>
            </dict>
            <dict>
                <key>id</key>
                <string>1905</string>
            </dict>
            <dict>
                <key>id</key>
                <string>1928</string>
            </dict>
            <dict>
                <key>id</key>
                <string>1937</string>
            </dict>
            <dict>
                <key>id</key>
                <string>1946</string>
            </dict>
            <dict>
                <key>id</key>
                <string>1955</string>
            </dict>
            <dict>
                <key>id</key>
                <string>1964</string>
            </dict>
            <dict>
                <key>id</key>
                <string>2066</string>
            </dict>
            <dict>
                <key>id</key>
                <string>2075</string>
            </dict>
            <dict>
                <key>id</key>
                <string>2084</string>
            </dict>
            <dict>
                <key>id</key>
                <string>2093</string>
            </dict>
            <dict>
                <key>id</key>
                <string>2122</string>
            </dict>
            <dict>
                <key>id</key>
                <string>2131</string>
            </dict>
            <dict>
                <key>id</key>
                <string>2140</string>
            </dict>
            <dict>
                <key>id</key>
                <string>2149</string>
            </dict>
            <dict>
                <key>id</key>
                <string>2294</string>
            </dict>
            <dict>
                <key>id</key>
                <string>2303</string>
            </dict>
            <dict>
                <key>id</key>
                <string>2312</string>
            </dict>
            <dict>
                <key>id</key>
                <string>2357</string>
            </dict>
            <dict>
                <key>id</key>
                <string>2386</string>
            </dict>
            <dict>
                <key>id</key>
                <string>2395</string>
            </dict>
            <dict>
                <key>id</key>
                <string>2404</string>
            </dict>
            <dict>
                <key>id</key>
                <string>2435</string>
            </dict>
            <dict>
                <key>id</key>
                <string>2444</string>
            </dict>
            <dict>
                <key>id</key>
                <string>2473</string>
            </dict>
            <dict>
                <key>id</key>
                <string>2558</string>
            </dict>
            <dict>
                <key>id</key>
                <string>2568</string>
            </dict>
            <dict>
                <key>id</key>
                <string>2584</string>
            </dict>
            <dict>
                <key>id</key>
                <string>2593</string>
            </dict>
            <dict>
                <key>id</key>
                <string>2604</string>
            </dict>
            <dict>
                <key>id</key>
                <string>2614</string>
            </dict>
            <dict>
                <key>id</key>
                <string>2635</string>
            </dict>
            <dict>
                <key>id</key>
                <string>2665</string>
            </dict>
            <dict>
                <key>id</key>
                <string>2674</string>
            </dict>
            <dict>
                <key>id</key>
                <string>2683</string>
            </dict>
            <dict>
                <key>id</key>
                <string>2715</string>
            </dict>
            <dict>
                <key>id</key>
                <string>2726</string>
            </dict>
            <dict>
                <key>id</key>
                <string>2737</string>
            </dict>
            <dict>
                <key>id</key>
                <string>2747</string>
            </dict>
            <dict>
                <key>id</key>
                <string>2756</string>
            </dict>
            <dict>
                <key>id</key>
                <string>2765</string>
            </dict>
            <dict>
                <key>id</key>
                <string>2775</string>
            </dict>
            <dict>
                <key>id</key>
                <string>2785</string>
            </dict>
            <dict>
                <key>id</key>
                <string>2794</string>
            </dict>
            <dict>
                <key>id</key>
                <string>2803</string>
            </dict>
            <dict>
                <key>id</key>
                <string>2817</string>
            </dict>
            <dict>
                <key>id</key>
                <string>2826</string>
            </dict>
            <dict>
                <key>id</key>
                <string>2835</string>
            </dict>
            <dict>
                <key>id</key>
                <string>2845</string>
            </dict>
            <dict>
                <key>id</key>
                <string>2901</string>
            </dict>
            <dict>
                <key>id</key>
                <string>2931</string>
            </dict>
            <dict>
                <key>id</key>
                <string>2940</string>
            </dict>
            <dict>
                <key>id</key>
                <string>2949</string>
            </dict>
            <dict>
                <key>id</key>
                <string>2959</string>
            </dict>
            <dict>
                <key>id</key>
                <string>2968</string>
            </dict>
            <dict>
                <key>id</key>
                <string>2979</string>
            </dict>
            <dict>
                <key>id</key>
                <string>3011</string>
            </dict>
            <dict>
                <key>id</key>
                <string>3020</string>
            </dict>
            <dict>
                <key>id</key>
                <string>3029</string>
            </dict>
            <dict>
                <key>id</key>
                <string>3038</string>
            </dict>
            <dict>
                <key>id</key>
                <string>3047</string>
            </dict>
            <dict>
                <key>id</key>
                <string>3056</string>
            </dict>
            <dict>
                <key>id</key>
                <string>3123</string>
            </dict>
            <dict>
                <key>id</key>
                <string>3132</string>
            </dict>
            <dict>
                <key>id</key>
                <string>3141</string>
            </dict>
            <dict>
                <key>id</key>
                <string>3150</string>
            </dict>
            <dict>
                <key>id</key>
                <string>3159</string>
            </dict>
            <dict>
                <key>id</key>
                <string>3168</string>
            </dict>
            <dict>
                <key>id</key>
                <string>3177</string>
            </dict>
            <dict>
                <key>id</key>
                <string>3196</string>
            </dict>
            <dict>
                <key>id</key>
                <string>3205</string>
            </dict>
            <dict>
                <key>id</key>
                <string>3229</string>
            </dict>
            <dict>
                <key>id</key>
                <string>3238</string>
            </dict>
            <dict>
                <key>id</key>
                <string>3247</string>
            </dict>
            <dict>
                <key>id</key>
                <string>3335</string>
            </dict>
            <dict>
                <key>id</key>
                <string>3344</string>
            </dict>
            <dict>
                <key>id</key>
                <string>3362</string>
            </dict>
            <dict>
                <key>id</key>
                <string>3371</string>
            </dict>
            <dict>
                <key>id</key>
                <string>3385</string>
            </dict>
            <dict>
                <key>id</key>
                <string>3478</string>
            </dict>
            <dict>
                <key>id</key>
                <string>3488</string>
            </dict>
            <dict>
                <key>id</key>
                <string>3497</string>
            </dict>
            <dict>
                <key>id</key>
                <string>3506</string>
            </dict>
            <dict>
                <key>id</key>
                <string>3517</string>
            </dict>
            <dict>
                <key>id</key>
                <string>3527</string>
            </dict>
            <dict>
                <key>id</key>
                <string>3536</string>
            </dict>
            <dict>
                <key>id</key>
                <string>3557</string>
            </dict>
            <dict>
                <key>id</key>
                <string>3566</string>
            </dict>
            <dict>
                <key>id</key>
                <string>3575</string>
            </dict>
            <dict>
                <key>id</key>
                <string>3584</string>
            </dict>
            <dict>
                <key>id</key>
                <string>3593</string>
            </dict>
            <dict>
                <key>id</key>
                <string>3602</string>
            </dict>
            <dict>
                <key>id</key>
                <string>3612</string>
            </dict>
            <dict>
                <key>id</key>
                <string>3621</string>
            </dict>
            <dict>
                <key>id</key>
                <string>3724</string>
            </dict>
            <dict>
                <key>id</key>
                <string>3733</string>
            </dict>
            <dict>
                <key>id</key>
                <string>3742</string>
            </dict>
            <dict>
                <key>id</key>
                <string>3751</string>
            </dict>
            <dict>
                <key>id</key>
                <string>3760</string>
            </dict>
            <dict>
                <key>id</key>
                <string>3779</string>
            </dict>
            <dict>
                <key>id</key>
                <string>3788</string>
            </dict>
            <dict>
                <key>id</key>
                <string>3797</string>
            </dict>
            <dict>
                <key>id</key>
                <string>3808</string>
            </dict>
            <dict>
                <key>id</key>
                <string>3817</string>
            </dict>
            <dict>
                <key>id</key>
                <string>3846</string>
            </dict>
            <dict>
                <key>id</key>
                <string>3855</string>
            </dict>
            <dict>
                <key>id</key>
                <string>3864</string>
            </dict>
            <dict>
                <key>id</key>
                <string>3873</string>
            </dict>
            <dict>
                <key>id</key>
                <string>3882</string>
            </dict>
            <dict>
                <key>id</key>
                <string>3891</string>
            </dict>
            <dict>
                <key>id</key>
                <string>3900</string>
            </dict>
            <dict>
                <key>id</key>
                <string>4012</string>
            </dict>
            <dict>
                <key>id</key>
                <string>4021</string>
            </dict>
            <dict>
                <key>id</key>
                <string>4154</string>
            </dict>
            <dict>
                <key>id</key>
                <string>4163</string>
            </dict>
            <dict>
                <key>id</key>
                <string>4426</string>
            </dict>
            <dict>
                <key>id</key>
                <string>4435</string>
            </dict>
            <dict>
                <key>id</key>
                <string>4447</string>
            </dict>
            <dict>
                <key>id</key>
                <string>4459</string>
            </dict>
            <dict>
                <key>id</key>
                <string>4469</string>
            </dict>
            <dict>
                <key>id</key>
                <string>4478</string>
            </dict>
            <dict>
                <key>id</key>
                <string>4487</string>
            </dict>
            <dict>
                <key>id</key>
                <string>4532</string>
            </dict>
            <dict>
                <key>id</key>
                <string>4542</string>
            </dict>
            <dict>
                <key>id</key>
                <string>4551</string>
            </dict>
            <dict>
                <key>id</key>
                <string>4596</string>
            </dict>
            <dict>
                <key>id</key>
                <string>4606</string>
            </dict>
            <dict>
                <key>id</key>
                <string>4616</string>
            </dict>
            <dict>
                <key>id</key>
                <string>4908</string>
            </dict>
            <dict>
                <key>id</key>
                <string>4919</string>
            </dict>
            <dict>
                <key>id</key>
                <string>4986</string>
            </dict>
            <dict>
                <key>id</key>
                <string>4996</string>
            </dict>
            <dict>
                <key>id</key>
                <string>5006</string>
            </dict>
            <dict>
                <key>id</key>
                <string>5015</string>
            </dict>
            <dict>
                <key>id</key>
                <string>5024</string>
            </dict>
            <dict>
                <key>id</key>
                <string>5040</string>
            </dict>
            <dict>
                <key>id</key>
                <string>5050</string>
            </dict>
            <dict>
                <key>id</key>
                <string>5060</string>
            </dict>
            <dict>
                <key>id</key>
                <string>5069</string>
            </dict>
            <dict>
                <key>id</key>
                <string>5078</string>
            </dict>
            <dict>
                <key>id</key>
                <string>5104</string>
            </dict>
            <dict>
                <key>id</key>
                <string>5113</string>
            </dict>
            <dict>
                <key>id</key>
                <string>5122</string>
            </dict>
            <dict>
                <key>id</key>
                <string>5131</string>
            </dict>
            <dict>
                <key>id</key>
                <string>5140</string>
            </dict>
            <dict>
                <key>id</key>
                <string>5149</string>
            </dict>
            <dict>
                <key>id</key>
                <string>5209</string>
            </dict>
            <dict>
                <key>id</key>
                <string>5218</string>
            </dict>
            <dict>
                <key>id</key>
                <string>5232</string>
            </dict>
            <dict>
                <key>id</key>
                <string>5241</string>
            </dict>
            <dict>
                <key>id</key>
                <string>5274</string>
            </dict>
            <dict>
                <key>id</key>
                <string>5364</string>
            </dict>
            <dict>
                <key>id</key>
                <string>5373</string>
            </dict>
            <dict>
                <key>id</key>
                <string>5382</string>
            </dict>
            <dict>
                <key>id</key>
                <string>5454</string>
            </dict>
            <dict>
                <key>id</key>
                <string>5465</string>
            </dict>
            <dict>
                <key>id</key>
                <string>5476</string>
            </dict>
            <dict>
                <key>id</key>
                <string>5485</string>
            </dict>
            <dict>
                <key>id</key>
                <string>5494</string>
            </dict>
            <dict>
                <key>id</key>
                <string>5507</string>
            </dict>
            <dict>
                <key>id</key>
                <string>5537</string>
            </dict>
            <dict>
                <key>id</key>
                <string>5546</string>
            </dict>
            <dict>
                <key>id</key>
                <string>5555</string>
            </dict>
            <dict>
                <key>id</key>
                <string>5564</string>
            </dict>
            <dict>
                <key>id</key>
                <string>5573</string>
            </dict>
            <dict>
                <key>id</key>
                <string>5582</string>
            </dict>
            <dict>
                <key>id</key>
                <string>5591</string>
            </dict>
            <dict>
                <key>id</key>
                <string>5600</string>
            </dict>
            <dict>
                <key>id</key>
                <string>5610</string>
            </dict>
            <dict>
                <key>id</key>
                <string>5619</string>
            </dict>
            <dict>
                <key>id</key>
                <string>5628</string>
            </dict>
            <dict>
                <key>id</key>
                <string>5637</string>
            </dict>
            <dict>
                <key>id</key>
                <string>5682</string>
            </dict>
            <dict>
                <key>id</key>
                <string>5692</string>
            </dict>
            <dict>
                <key>id</key>
                <string>5702</string>
            </dict>
            <dict>
                <key>id</key>
                <string>5774</string>
            </dict>
            <dict>
                <key>id</key>
                <string>5794</string>
            </dict>
            <dict>
                <key>id</key>
                <string>5803</string>
            </dict>
            <dict>
                <key>id</key>
                <string>5825</string>
            </dict>
            <dict>
                <key>id</key>
                <string>5846</string>
            </dict>
            <dict>
                <key>id</key>
                <string>5855</string>
            </dict>
            <dict>
                <key>id</key>
                <string>6050</string>
            </dict>
            <dict>
                <key>id</key>
                <string>6060</string>
            </dict>
            <dict>
                <key>id</key>
                <string>6069</string>
            </dict>
            <dict>
                <key>id</key>
                <string>6089</string>
            </dict>
            <dict>
                <key>id</key>
                <string>6098</string>
            </dict>
            <dict>
                <key>id</key>
                <string>6110</string>
            </dict>
            <dict>
                <key>id</key>
                <string>6119</string>
            </dict>
            <dict>
                <key>id</key>
                <string>6128</string>
            </dict>
            <dict>
                <key>id</key>
                <string>6196</string>
            </dict>
            <dict>
                <key>id</key>
                <string>6206</string>
            </dict>
            <dict>
                <key>id</key>
                <string>6215</string>
            </dict>
            <dict>
                <key>id</key>
                <string>6225</string>
            </dict>
            <dict>
                <key>id</key>
                <string>6234</string>
            </dict>
            <dict>
                <key>id</key>
                <string>6243</string>
            </dict>
            <dict>
                <key>id</key>
                <string>6252</string>
            </dict>
            <dict>
                <key>id</key>
                <string>6261</string>
            </dict>
            <dict>
                <key>id</key>
                <string>6463</string>
            </dict>
            <dict>
                <key>id</key>
                <string>6472</string>
            </dict>
            <dict>
                <key>id</key>
                <string>6482</string>
            </dict>
            <dict>
                <key>id</key>
                <string>6594</string>
            </dict>
            <dict>
                <key>id</key>
                <string>6603</string>
            </dict>
            <dict>
                <key>id</key>
                <string>6613</string>
            </dict>
            <dict>
                <key>id</key>
                <string>6622</string>
            </dict>
            <dict>
                <key>id</key>
                <string>7019</string>
            </dict>
            <dict>
                <key>id</key>
                <string>7028</string>
            </dict>
            <dict>
                <key>id</key>
                <string>7045</string>
            </dict>
            <dict>
                <key>id</key>
                <string>7058</string>
            </dict>
            <dict>
                <key>id</key>
                <string>7067</string>
            </dict>
            <dict>
                <key>id</key>
                <string>7076</string>
            </dict>
            <dict>
                <key>id</key>
                <string>7085</string>
            </dict>
            <dict>
                <key>id</key>
                <string>7094</string>
            </dict>
            <dict>
                <key>id</key>
                <string>7213</string>
            </dict>
            <dict>
                <key>id</key>
                <string>7222</string>
            </dict>
            <dict>
                <key>id</key>
                <string>7232</string>
            </dict>
            <dict>
                <key>id</key>
                <string>7241</string>
            </dict>
            <dict>
                <key>id</key>
                <string>7250</string>
            </dict>
            <dict>
                <key>id</key>
                <string>7259</string>
            </dict>
            <dict>
                <key>id</key>
                <string>7268</string>
            </dict>
            <dict>
                <key>id</key>
                <string>7277</string>
            </dict>
            <dict>
                <key>id</key>
                <string>7287</string>
            </dict>
            <dict>
                <key>id</key>
                <string>7296</string>
            </dict>
            <dict>
                <key>id</key>
                <string>7305</string>
            </dict>
            <dict>
                <key>id</key>
                <string>7314</string>
            </dict>
            <dict>
                <key>id</key>
                <string>7328</string>
            </dict>
            <dict>
                <key>id</key>
                <string>7377</string>
            </dict>
            <dict>
                <key>id</key>
                <string>7402</string>
            </dict>
            <dict>
                <key>id</key>
                <string>7411</string>
            </dict>
            <dict>
                <key>id</key>
                <string>7420</string>
            </dict>
            <dict>
                <key>id</key>
                <string>7554</string>
            </dict>
            <dict>
                <key>id</key>
                <string>7563</string>
            </dict>
            <dict>
                <key>id</key>
                <string>7631</string>
            </dict>
            <dict>
                <key>id</key>
                <string>7640</string>
            </dict>
            <dict>
                <key>id</key>
                <string>7649</string>
            </dict>
            <dict>
                <key>id</key>
                <string>7658</string>
            </dict>
            <dict>
                <key>id</key>
                <string>7667</string>
            </dict>
            <dict>
                <key>id</key>
                <string>7676</string>
            </dict>
            <dict>
                <key>id</key>
                <string>7685</string>
            </dict>
            <dict>
                <key>id</key>
                <string>7694</string>
            </dict>
            <dict>
                <key>id</key>
                <string>7775</string>
            </dict>
            <dict>
                <key>id</key>
                <string>7784</string>
            </dict>
            <dict>
                <key>id</key>
                <string>7913</string>
            </dict>
            <dict>
                <key>id</key>
                <string>7923</string>
            </dict>
            <dict>
                <key>id</key>
                <string>7932</string>
            </dict>
            <dict>
                <key>id</key>
                <string>7941</string>
            </dict>
            <dict>
                <key>id</key>
                <string>8210</string>
            </dict>
            <dict>
                <key>id</key>
                <string>8236</string>
            </dict>
            <dict>
                <key>id</key>
                <string>8245</string>
            </dict>
            <dict>
                <key>id</key>
                <string>8254</string>
            </dict>
            <dict>
                <key>id</key>
                <string>8263</string>
            </dict>
            <dict>
                <key>id</key>
                <string>8272</string>
            </dict>
            <dict>
                <key>id</key>
                <string>8281</string>
            </dict>
            <dict>
                <key>id</key>
                <string>8290</string>
            </dict>
            <dict>
                <key>id</key>
                <string>8299</string>
            </dict>
            <dict>
                <key>id</key>
                <string>8308</string>
            </dict>
            <dict>
                <key>id</key>
                <string>8317</string>
            </dict>
            <dict>
                <key>id</key>
                <string>8326</string>
            </dict>
            <dict>
                <key>id</key>
                <string>8335</string>
            </dict>
            <dict>
                <key>id</key>
                <string>8344</string>
            </dict>
            <dict>
                <key>id</key>
                <string>8353</string>
            </dict>
            <dict>
                <key>id</key>
                <string>8363</string>
            </dict>
            <dict>
                <key>id</key>
                <string>8386</string>
            </dict>
            <dict>
                <key>id</key>
                <string>8395</string>
            </dict>
            <dict>
                <key>id</key>
                <string>8503</string>
            </dict>
            <dict>
                <key>id</key>
                <string>8512</string>
            </dict>
            <dict>
                <key>id</key>
                <string>8521</string>
            </dict>
            <dict>
                <key>id</key>
                <string>8530</string>
            </dict>
            <dict>
                <key>id</key>
                <string>8539</string>
            </dict>
            <dict>
                <key>id</key>
                <string>8548</string>
            </dict>
            <dict>
                <key>id</key>
                <string>8558</string>
            </dict>
            <dict>
                <key>id</key>
                <string>8567</string>
            </dict>
            <dict>
                <key>id</key>
                <string>8576</string>
            </dict>
            <dict>
                <key>id</key>
                <string>8585</string>
            </dict>
            <dict>
                <key>id</key>
                <string>8594</string>
            </dict>
            <dict>
                <key>id</key>
                <string>8603</string>
            </dict>
            <dict>
                <key>id</key>
                <string>8613</string>
            </dict>
            <dict>
                <key>id</key>
                <string>8622</string>
            </dict>
            <dict>
                <key>id</key>
                <string>8631</string>
            </dict>
            <dict>
                <key>id</key>
                <string>8640</string>
            </dict>
            <dict>
                <key>id</key>
                <string>8649</string>
            </dict>
            <dict>
                <key>id</key>
                <string>8658</string>
            </dict>
            <dict>
                <key>id</key>
                <string>8667</string>
            </dict>
            <dict>
                <key>id</key>
                <string>8676</string>
            </dict>
            <dict>
                <key>id</key>
                <string>8686</string>
            </dict>
            <dict>
                <key>id</key>
                <string>8695</string>
            </dict>
            <dict>
                <key>id</key>
                <string>8704</string>
            </dict>
            <dict>
                <key>id</key>
                <string>8713</string>
            </dict>
            <dict>
                <key>id</key>
                <string>8722</string>
            </dict>
            <dict>
                <key>id</key>
                <string>8731</string>
            </dict>
            <dict>
                <key>id</key>
                <string>8740</string>
            </dict>
            <dict>
                <key>id</key>
                <string>8749</string>
            </dict>
            <dict>
                <key>id</key>
                <string>8758</string>
            </dict>
            <dict>
                <key>id</key>
                <string>8767</string>
            </dict>
            <dict>
                <key>id</key>
                <string>8776</string>
            </dict>
            <dict>
                <key>id</key>
                <string>8785</string>
            </dict>
            <dict>
                <key>id</key>
                <string>8794</string>
            </dict>
            <dict>
                <key>id</key>
                <string>8803</string>
            </dict>
            <dict>
                <key>id</key>
                <string>8812</string>
            </dict>
            <dict>
                <key>id</key>
                <string>8825</string>
            </dict>
            <dict>
                <key>id</key>
                <string>8867</string>
            </dict>
            <dict>
                <key>id</key>
                <string>8876</string>
            </dict>
            <dict>
                <key>id</key>
                <string>8941</string>
            </dict>
            <dict>
                <key>id</key>
                <string>8950</string>
            </dict>
            <dict>
                <key>id</key>
                <string>9083</string>
            </dict>
            <dict>
                <key>id</key>
                <string>9093</string>
            </dict>
            <dict>
                <key>id</key>
                <string>9102</string>
            </dict>
            <dict>
                <key>id</key>
                <string>9124</string>
            </dict>
            <dict>
                <key>id</key>
                <string>9135</string>
            </dict>
            <dict>
                <key>id</key>
                <string>9145</string>
            </dict>
            <dict>
                <key>id</key>
                <string>9154</string>
            </dict>
            <dict>
                <key>id</key>
                <string>9163</string>
            </dict>
            <dict>
                <key>id</key>
                <string>9173</string>
            </dict>
            <dict>
                <key>id</key>
                <string>9183</string>
            </dict>
            <dict>
                <key>id</key>
                <string>9192</string>
            </dict>
            <dict>
                <key>id</key>
                <string>9205</string>
            </dict>
            <dict>
                <key>id</key>
                <string>9216</string>
            </dict>
            <dict>
                <key>id</key>
                <string>9246</string>
            </dict>
            <dict>
                <key>id</key>
                <string>9256</string>
            </dict>
            <dict>
                <key>id</key>
                <string>9266</string>
            </dict>
            <dict>
                <key>id</key>
                <string>9276</string>
            </dict>
            <dict>
                <key>id</key>
                <string>9286</string>
            </dict>
        </array>
    </dict>
</plist>
