<?xml version="1.0" encoding="UTF-8"?>
<!DOCTYPE plist PUBLIC "-//Apple//DTD PLIST 1.0//EN" "http://www.apple.com/DTDs/PropertyList-1.0.dtd"/>

<plist version="1.0">
    <dict>
        <key>ROOT</key>
        <array>
            <dict>
                <key>id</key>
                <string>1766</string>
                <key>className</key>
                <string>PTModelObjectAssetCharacter</string>
                <key>Name</key>
                <dict>
                    <key>value</key>
                    <string>Idle__009</string>
                </dict>
                <key>Position</key>
                <dict>
                    <key>value</key>
                    <string>{246.942,242.776}</string>
                    <key>animationsX</key>
                    <array/>
                    <key>animationsY</key>
                    <array/>
                </dict>
                <key>Rotation</key>
                <dict>
                    <key>animations</key>
                    <array/>
                </dict>
                <key>Scale</key>
                <dict>
                    <key>value</key>
                    <string>{0.681,0.590}</string>
                    <key>animationsX</key>
                    <array/>
                    <key>animationsY</key>
                    <array/>
                </dict>
                <key>Hidden</key>
                <dict>
                    <key>visible</key>
                    <string>0</string>
                </dict>
                <key>Locked</key>
                <dict>
                    <key>visible</key>
                    <string>0</string>
                </dict>
                <key>Opacity</key>
                <dict>
                    <key>animations</key>
                    <array/>
                </dict>
                <key>Asset</key>
                <dict>
                    <key>visible</key>
                    <string>0</string>
                </dict>
                <key>zDepth</key>
                <string>500</string>
            </dict>
            <dict>
                <key>id</key>
                <string>2534</string>
                <key>className</key>
                <string>PTModelObjectAssetCharacter</string>
                <key>Name</key>
                <dict>
                    <key>value</key>
                    <string>Idle__009</string>
                </dict>
                <key>Position</key>
                <dict>
                    <key>value</key>
                    <string>{303.563,239.470}</string>
                    <key>animationsX</key>
                    <array/>
                    <key>animationsY</key>
                    <array/>
                </dict>
                <key>Rotation</key>
                <dict>
                    <key>animations</key>
                    <array/>
                </dict>
                <key>Scale</key>
                <dict>
                    <key>value</key>
                    <string>{0.581,0.534}</string>
                    <key>animationsX</key>
                    <array/>
                    <key>animationsY</key>
                    <array/>
                </dict>
                <key>Hidden</key>
                <dict>
                    <key>visible</key>
                    <string>0</string>
                </dict>
                <key>Locked</key>
                <dict>
                    <key>visible</key>
                    <string>0</string>
                </dict>
                <key>Opacity</key>
                <dict>
                    <key>animations</key>
                    <array/>
                </dict>
                <key>Asset</key>
                <dict>
                    <key>visible</key>
                    <string>0</string>
                </dict>
                <key>zDepth</key>
                <string>500</string>
            </dict>
            <dict>
                <key>id</key>
                <string>2537</string>
                <key>className</key>
                <string>PTModelObjectAssetCharacter</string>
                <key>Name</key>
                <dict>
                    <key>value</key>
                    <string>Idle__009</string>
                </dict>
                <key>Position</key>
                <dict>
                    <key>value</key>
                    <string>{280.905,288.016}</string>
                    <key>animationsX</key>
                    <array/>
                    <key>animationsY</key>
                    <array/>
                </dict>
                <key>Rotation</key>
                <dict>
                    <key>animations</key>
                    <array/>
                </dict>
                <key>Scale</key>
                <dict>
                    <key>value</key>
                    <string>{0.792,0.695}</string>
                    <key>animationsX</key>
                    <array/>
                    <key>animationsY</key>
                    <array/>
                </dict>
                <key>Hidden</key>
                <dict>
                    <key>visible</key>
                    <string>0</string>
                </dict>
                <key>Locked</key>
                <dict>
                    <key>visible</key>
                    <string>0</string>
                </dict>
                <key>Opacity</key>
                <dict>
                    <key>animations</key>
                    <array/>
                </dict>
                <key>Asset</key>
                <dict>
                    <key>visible</key>
                    <string>0</string>
                </dict>
                <key>zDepth</key>
                <string>500</string>
            </dict>
            <dict>
                <key>id</key>
                <string>3309</string>
                <key>className</key>
                <string>PTModelObjectAssetCharacter</string>
                <key>Name</key>
                <dict>
                    <key>value</key>
                    <string>Idle__009</string>
                </dict>
                <key>Position</key>
                <dict>
                    <key>value</key>
                    <string>{156.828,281.242}</string>
                    <key>animationsX</key>
                    <array/>
                    <key>animationsY</key>
                    <array/>
                </dict>
                <key>Rotation</key>
                <dict>
                    <key>animations</key>
                    <array/>
                </dict>
                <key>Scale</key>
                <dict>
                    <key>value</key>
                    <string>{0.535,0.434}</string>
                    <key>animationsX</key>
                    <array/>
                    <key>animationsY</key>
                    <array/>
                </dict>
                <key>Hidden</key>
                <dict>
                    <key>visible</key>
                    <string>0</string>
                </dict>
                <key>Locked</key>
                <dict>
                    <key>visible</key>
                    <string>0</string>
                </dict>
                <key>Opacity</key>
                <dict>
                    <key>animations</key>
                    <array/>
                </dict>
                <key>Asset</key>
                <dict>
                    <key>visible</key>
                    <string>0</string>
                </dict>
                <key>zDepth</key>
                <string>500</string>
            </dict>
            <dict>
                <key>id</key>
                <string>3692</string>
                <key>className</key>
                <string>PTModelObjectAssetCharacter</string>
                <key>Name</key>
                <dict>
                    <key>value</key>
                    <string>Idle__009</string>
                </dict>
                <key>Position</key>
                <dict>
                    <key>value</key>
                    <string>{394.919,291.632}</string>
                    <key>animationsX</key>
                    <array/>
                    <key>animationsY</key>
                    <array/>
                </dict>
                <key>Rotation</key>
                <dict>
                    <key>animations</key>
                    <array/>
                </dict>
                <key>Scale</key>
                <dict>
                    <key>value</key>
                    <string>{0.769,0.612}</string>
                    <key>animationsX</key>
                    <array/>
                    <key>animationsY</key>
                    <array/>
                </dict>
                <key>Hidden</key>
                <dict>
                    <key>visible</key>
                    <string>0</string>
                </dict>
                <key>Locked</key>
                <dict>
                    <key>visible</key>
                    <string>0</string>
                </dict>
                <key>Opacity</key>
                <dict>
                    <key>animations</key>
                    <array/>
                </dict>
                <key>Asset</key>
                <dict>
                    <key>visible</key>
                    <string>0</string>
                </dict>
                <key>zDepth</key>
                <string>500</string>
            </dict>
            <dict>
                <key>id</key>
                <string>9196</string>
                <key>className</key>
                <string>PTModelObjectAssetCharacter</string>
                <key>Name</key>
                <dict>
                    <key>value</key>
                    <string>Idle__009</string>
                </dict>
                <key>Position</key>
                <dict>
                    <key>value</key>
                    <string>{212.948,291.029}</string>
                    <key>animationsX</key>
                    <array/>
                    <key>animationsY</key>
                    <array/>
                </dict>
                <key>Rotation</key>
                <dict>
                    <key>animations</key>
                    <array/>
                </dict>
                <key>Scale</key>
                <dict>
                    <key>value</key>
                    <string>{0.730,0.546}</string>
                    <key>animationsX</key>
                    <array/>
                    <key>animationsY</key>
                    <array/>
                </dict>
                <key>Hidden</key>
                <dict>
                    <key>visible</key>
                    <string>0</string>
                </dict>
                <key>Locked</key>
                <dict>
                    <key>visible</key>
                    <string>0</string>
                </dict>
                <key>Opacity</key>
                <dict>
                    <key>animations</key>
                    <array/>
                </dict>
                <key>Asset</key>
                <dict>
                    <key>visible</key>
                    <string>0</string>
                </dict>
                <key>zDepth</key>
                <string>500</string>
            </dict>
        </array>
    </dict>
</plist>
